rank;url;title
0;https://id.wikipedia.org/wiki/Linux;Linux - Wikipedia bahasa Indonesia, ensiklopedia bebas
1;https://bitlabs.id/blog/linux-adalah/;Apa itu Linux? Berikut Penjelasan Lengkapnya! - Bitlabs Blog
2;https://hot.liputan6.com/read/4730789/linux-adalah-sistem-operasi-komputer-kenali-macamnya;Linux adalah Sistem Operasi Komputer, Kenali Macamnya - Hot
3;http://sistem-komputer-s1.stekom.ac.id/informasi/baca/Linux-adalah-Sistem-Operasi-Komputer-Kenali-Macamnya/c5f52cf080e5f04f7824fcf100b38e95a6cb77cf;Linux adalah Sistem Operasi Komputer, Kenali Macamnya
4;https://www.belajarlinux.org/mengenal-linux/;Apa itu Linux? Sejarah, Fungsi dan Kelebihan Nya
5;https://www.merdeka.com/jatim/6-kelebihan-linux-untuk-sistem-komputer-ketahui-sebelum-digunakan-kln.html;6 Kelebihan Linux untuk Sistem Komputer, Ketahui Sebelum ...
6;https://radarsurabaya.jawapos.com/tekno-oto/29/12/2021/mengenal-jenis-jenis-linux-dan-keunggulannya/;Mengenal Jenis-Jenis Linux dan Keunggulannya | Radar Surabaya
7;https://www.dosenpendidikan.co.id/pengertian-linux/;Linux adalah - Pencipta, Sejarah, Lambang, Versi, Kelebihan
8;https://www.jagoanhosting.com/blog/linux-adalah/;Apa itu Linux? Ketahui Fungsi, Kelebihan dan Kekurangan
9;https://repository.dinamika.ac.id/id/eprint/1409/5/BAB_III.pdf;[PDF] BAB III LANDASAN TEORI 3.1 Pengenalan Linux - Repositori ...
10;https://www.niagahoster.co.id/blog/kelebihan-dan-kekurangan-linux/;Kelebihan dan Kekurangan Linux yang Perlu Anda Tahu
11;https://www.niagahoster.co.id/blog/distro-linux-terbaik/;20+ Distro Linux Terbaik Untuk Hacking, Server & Edukasi
12;https://www.centerklik.com/linux-adalah-os/;Linux adalah? Menjelaskan Segala Hal Tentang OS Linux - Centerklik
13;https://cloudraya.com/blog/berbagai-macam-jenis-os-linux-dan-kehebatan-masing-masing/;Berbagai Macam Jenis OS Linux dan Kehebatan Masing-Masing
14;http://eprints.polsri.ac.id/2091/3/3.%2520BAB%2520II.pdf;[PDF] BAB II TINJAUAN PUSTAKA 2.1 Linux 2.1.1 Pengertian linux Linux ...
15;http://1yan1.fortunecity.ws/linux.html;Linux Secara Umum
16;https://4winmobile.com/linux/;Linux : Pengertian, Fungsi, Sejarah, Manfaat, Jenis, Contoh
17;https://salamadian.com/pengertian-linux/;PENGERTIAN LINUX: Sejarah, Kelebihan & Macam Macam Contoh
18;https://www.gnu.org/gnu/linux-and-gnu.id.html;Linux dan GNU - Proyek GNU - Free Software Foundation - GNU.org
19;https://www.pintarkomputer.com/pengenalan-sistem-operasi-linux/;Pengenalan Sistem Operasi Linux [Pengertian] - Pintar Komputer
20;https://www.domainesia.com/berita/kelebihan-dan-kekurangan-linux/;Kelebihan dan Kekurangan Linux, Sistem Operasi Gratis!
21;https://p2k.unhamzah.ac.id/id1/2-3073-2970/Linux_24292_p2k-unhamzah.html;LINUX | ILMU PENGETAHUAN DUNIA | Unhamzah
22;http://p2k.unkris.ac.id/id1/3073-2962/Linux_24292_p2k-unkris.html;Linux - UNKRIS Jakarta
23;https://www.pilarteknotama.co.id/apa-itu-linux/;Apa itu linux? - Lembaga Training, Pelatihan Yogyakarta - Pilar ...
24;https://www.ekrut.com/media/linux-adalah;Operating System Linux: Pengertian, Kelebihan, Kekurangan, 3 ...
25;https://adammuiz.com/linux/;Pengertian Linux : Sejarah, Fitur dan Contoh Distro - Adam Muiz
26;https://lp2m.uma.ac.id/2021/11/26/os-linux-definisi-kelebihan-dan-jenis-jenisnya/;OS Linux : Definisi, Kelebihan dan Jenis-jenisnya
27;https://morning.computer/aplikasi/sistem-operasi-linux/;Yuk Kenali Sistem Operasi Linux dan Berbagai Fungsinya - Morning ...
28;http://www.yesjogja.com/materi/teknologi-informasi/jaringan-komputer/jaringan-komputer-berbasisi-linux/;Jaringan Komputer Berbasis Linux - YOGYA EXECUTIVE SCHOOL
29;https://daridesignstudio.com/linux-adalah/;Mengenal Apa itu Linux dan Sejarah Perkembangannya
30;https://www.hostinger.co.id/tutorial/perintah-dasar-linux;35 Perintah Dasar Linux yang Perlu Anda Tahu - Hostinger
31;https://www.lenovo.com/id/in/faqs/sistem-operasi/apa-itu-linux/;Apa itu Linux? | Lenovo Indonesia
32;https://www.researchgate.net/figure/Gambar-86-Sistem-Operasi-Linux-Sistem-operasi-linux-merupakan-sistem-operasi-open-source_fig3_333209140;Gambar 8.6 Sistem Operasi Linux Sistem operasi linux merupakan ...
33;https://medium.com/iykra/mengenal-software-linux-b47c2c29a24d;Mengenal Software Linux - Medium
34;https://adoc.tips/download/mengenal-sistem-operasi-linux.html;[PDF] MENGENAL SISTEM OPERASI LINUX
35;http://eprints.undip.ac.id/28781/1/2_abstrak.pdf;[PDF] vi ABSTRAK Linux merupakan sistem operasi yang bersifat open ...
36;https://support.google.com/chromebook/answer/9145439%3Fhl%3Did;Menyiapkan Linux di Chromebook
37;https://www.dicoding.com/blog/macam-macam-linux/;10 Macam-macam Linux yang Bisa Kamu Coba - Dicoding Blog
38;https://www.exabytes.co.id/blog/kelebihan-dan-kekurangan-linux/;Kelebihan dan Kekurangan Linux [Lengkap] - Exabytes
39;https://news.uhb.ac.id/id/posts/berkenalan-dengan-linux/;Berkenalan dengan Linux - UHB News
