"page number","rank","domain","url","title"
"1","1","itsfoss.com","https://itsfoss.com/best-linux-beginners/","Best Linux Distributions That are Most Suitable for Beginners"
"1","2","www.zdnet.com","https://www.zdnet.com/article/best-linux-desktops-for-beginners/","The 5 best Linux distros for beginners in 2022 | ZDNET"
"1","3","www.debugpoint.com","https://www.debugpoint.com/linux-distro-beginners/","Top 10 Linux Distros for Beginners in 2022 [Compared]"
"1","4","www.youtube.com","https://www.youtube.com/watch%3Fv%3DROjZy1WbCIA","Linux Operating System - Crash Course for Beginners - YouTube"
"1","5","ubuntu.com","https://ubuntu.com/tutorials/command-line-for-beginners","The Linux command line for beginners - Ubuntu"
"1","6","www.guru99.com","https://www.guru99.com/unix-linux-tutorial.html","UNIX / Linux Tutorial for Beginners: Learn Online in 7 days - Guru99"
"1","7","www.makeuseof.com","https://www.makeuseof.com/linux-distros-for-beginners-intermediate-and-advanced-users/","10 Linux Distros for Beginners, Intermediate, and Advanced Users"
"1","8","www.techradar.com","https://www.techradar.com/best/best-linux-distros-for-beginners","Best Linux Distros For Beginners In 2022 - TechRadar"
"1","9","www.codementor.io","https://www.codementor.io/linux/tutorial/10-things-every-linux-beginner-should-know","10 Things Every Linux Beginner Should Know - Codementor"
"2","10","www.udemy.com","https://www.udemy.com/course/linuxforbeginners/","Linux for Beginners: Introduction to Linux OS and Command Line"
"2","11","www.udemy.com","https://www.udemy.com/course/linux-for-beginners-2021/","Linux for Beginners: Linux Basics | Udemy"
"2","12","www.tecmint.com","https://www.tecmint.com/best-linux-distributions-for-beginners/","The Best Linux Distributions for Beginners in 2020 - Tecmint"
"2","13","www.usm.uni-muenchen.de","https://www.usm.uni-muenchen.de/people/puls/lessons/intro_general/Linux/Linux_for_beginners.pdf","[PDF] Linux for Beginners"
"2","14","ryanstutorials.net","https://ryanstutorials.net/linuxtutorial/","Learn Linux and the Bash Command Line - Ryan's Tutorials"
"2","15","www.linux.org","https://www.linux.org/forums/linux-beginner-tutorials.123/","Linux Beginner Tutorials"
"2","16","www.amazon.com","https://www.amazon.com/Linux-Beginners-Ultimate-Operating-System/dp/1532811292","Linux For Beginners: The Ultimate Guide To The Linux Operating ..."
"2","17","www.coursera.org","https://www.coursera.org/courses%3Fquery%3Dlinux%2520for%2520beginners","Best Linux For Beginners Courses & Certifications [2022] - Coursera"
"2","18","levelup.gitconnected.com","https://levelup.gitconnected.com/beginners-guide-to-linux-f86a5782670e","Beginner's Guide to Linux. Everything you need to get started with…"
"2","19","www.howtogeek.com","https://www.howtogeek.com/313423/the-best-linux-distributions-for-beginners/","The Best Linux Distributions for Beginners - How-To Geek"
"3","20","levelup.gitconnected.com","https://levelup.gitconnected.com/beginners-guide-to-linux-f86a5782670e","Beginner's Guide to Linux. Everything you need to get started with…"
"3","21","www.coursera.org","https://www.coursera.org/courses%3Fquery%3Dlinux%2520for%2520beginners","Best Linux For Beginners Courses & Certifications [2022] - Coursera"
"3","22","www.simplilearn.com","https://www.simplilearn.com/linux-programming-for-beginners-article","Beginner's Guide to Linux Programming - Simplilearn"
"3","23","linuxhint.com","https://linuxhint.com/linux-beginner-guide/","A Beginners' Guide to Linux"
"3","24","www.manning.com","https://www.manning.com/livevideo/linux-for-beginners","Linux for Beginners - Manning Publications"
"3","25","techlog360.com","https://techlog360.com/linux-distro-beginners/","10 Best Beginner-Friendly Linux Distributions In 2022 - TechLog360"
"3","26","cloudacademy.com","https://cloudacademy.com/blog/linux-for-beginners-taking-your-first-steps/","Linux for beginners: taking your first steps - Cloud Academy"
"3","27","fossbytes.com","https://fossbytes.com/best-linux-distro-beginners/","10 Best Linux Distros For Beginners 2022 - Fossbytes"
"3","28","www.freecodecamp.org","https://www.freecodecamp.org/news/how-to-learn-linux-terminal-as-a-beginner/","How to Learn the Linux Terminal as a Beginner – Tips and Examples"
"3","29","www.javatpoint.com","https://www.javatpoint.com/linux-tutorial","Linux/Unix Tutorial - Javatpoint"
"4","30","opensource.com","https://opensource.com/article/22/5/essential-linux-commands","12 essential Linux commands for beginners - Opensource.com"
"4","31","www.javatpoint.com","https://www.javatpoint.com/linux-tutorial","Linux/Unix Tutorial - Javatpoint"
"4","32","www.ee.surrey.ac.uk","http://www.ee.surrey.ac.uk/Teaching/Unix/","UNIX / Linux Tutorial for Beginners"
"4","33","github.com","https://github.com/topics/linux-beginners","linux-beginners · GitHub Topics"
"4","34","www.tokopedia.com","https://www.tokopedia.com/rosesana/video-tutorial-linux-for-beginners%3Fwhid%3D0","Jual Video Tutorial Linux for Beginners - 2R Hardware & Electronic"
"4","35","medium.com","https://medium.com/javarevisited/top-10-courses-to-learn-linux-command-line-in-2020-best-and-free-f3ee4a78d0c0","Top 10 Free & Best Courses to Learn Linux Command Line in 2022"
"4","36","www.hostinger.com","https://www.hostinger.com/tutorials/linux-commands","40 Basic Linux Commands Every User Should Know - Hostinger"
"4","37","www.crio.do","https://www.crio.do/blog/linux-for-beginners/","Linux for Beginners - Crio.Do"
"4","38","ubuntuhandbook.org","https://ubuntuhandbook.org/index.php/2021/05/top-linux-distributions-beginners/","Top 8 User Friendly Linux Distributions for Beginners"
"4","39","play.google.com","https://play.google.com/store/apps/details%3Fid%3Dcom.linuxhelper%26hl%3Den%26gl%3DUS","Learn Linux - beginner - Apps on Google Play"
"5","40","www.linuxtopia.org","https://www.linuxtopia.org/online_books/linux_for_beginners_index.html","Linux for Beginners Free On-line Books and Tutorials - Linuxtopia"
"5","41","www.scribd.com","https://www.scribd.com/book/362353252/Easy-Linux-For-Beginners","Easy Linux For Beginners by Felix Cannon - Ebook - Scribd"
"5","42","www.tutorialspoint.com","https://www.tutorialspoint.com/unix/index.htm","UNIX / LINUX Tutorial - Tutorialspoint"
"5","43","www.tutorialspoint.com","https://www.tutorialspoint.com/linux_for_beginners_from_scratch/index.asp","Linux for Beginners from Scratch - Tutorialspoint"
"5","44","www.online.utsa.edu","https://www.online.utsa.edu/linux-beginners-guide/fulldisplay%3DRtuKgGBwv7UH%26editionsView%3Dtrue%26fq%3D","[PDF] Linux Beginners Guide [PDF] - UTSA Online"
"5","45","www.crio.do","https://www.crio.do/blog/linux-for-beginners/","Linux for Beginners - Crio.Do"
"5","46","www.tertiarycourses.com.sg","https://www.tertiarycourses.com.sg/linux-for-beginners.html","Linux for Beginners SkillsFuture Course in Singapore - Bash, Shell"
"5","47","www.arcserve.com","https://www.arcserve.com/blog/linux-jargon-beginners-10-basic-linux-terms-every-newbie-should-know","Linux Jargon For Beginners: 10 Basic Linux Terms Every Newbie ..."
"5","48","www.pluralsight.com","https://www.pluralsight.com/guides/beginner-linux-navigation-manual","Beginner: Linux Navigation Manual - Pluralsight"
"5","49","training.linuxfoundation.org","https://training.linuxfoundation.org/training/introduction-to-linux/","Introduction to Linux (LFS101x) - Linux Foundation - Training"
"6","50","linuxjourney.com","https://linuxjourney.com/","Linux Journey: Home"
"6","51","betterprogramming.pub","https://betterprogramming.pub/linux-survival-guide-for-beginners-c18bfd982036","Linux: A Survival Guide for Beginners | by Gokul N K"
"6","52","dev.to","https://dev.to/javinpaul/5-free-courses-to-learn-linux-for-beginners-367f","5 Free Courses to Learn Linux for Beginners - DEV Community     "
"6","53","www.rocketboards.org","https://www.rocketboards.org/foswiki/Documentation/EmbeddedLinuxBeginnerSGuide","Embedded Linux Beginners Guide - RocketBoards.org"
"6","54","www.walmart.com","https://www.walmart.com/ip/LINUX-Beginner-s-Crash-Course-Linux-for-Beginner-s-Guide-to-Linux-Command-Line-Linux-System-Linux-Commands-Paperback-9781777942816/755732443","Linux for Beginner's Guide to Linux Command Line, Linux System ..."
"6","55","learn.microsoft.com","https://learn.microsoft.com/en-us/training/modules/get-started-with-windows-subsystem-for-linux/","Get started with the Windows Subsystem for Linux - Training"
"6","56","www.classcentral.com","https://www.classcentral.com/course/youtube-linux-essentials-beginner-crash-course-ubuntu-80398","Linux Essentials - Beginner Crash Course (Ubuntu) from YouTube"
"6","57","www.pcworld.com","https://www.pcworld.com/article/427298/how-to-get-started-with-linux-a-beginners-guide.html","How to get started with Linux: A beginner's guide - PCWorld"
"6","58","hackr.io","https://hackr.io/blog/basic-linux-commands","Top 25 Basic Linux Commands for Beginners [Recommended]"
"6","59","whizrobo.com","https://whizrobo.com/course/basics-of-linux-os/","LINUX For Beginners - WHIZROBO"
"7","60","linuxconfig.org","https://linuxconfig.org/where-to-get-linux","Where to get linux: How to get started beginner guide"
"7","61","www.reddit.com","https://www.reddit.com/r/linuxmasterrace/comments/tt0x8y/linux_distro_for_an_absolute_beginner/","Linux Distro for an absolute beginner : r/linuxmasterrace - Reddit"
"7","62","web.njit.edu","https://web.njit.edu/~alexg/courses/cs332/OLD/S2020/s20hand3/Linux-Tutorial.pdf","[PDF] Linux-Tutorial.pdf"
"7","63","www.fastwebhost.com","https://www.fastwebhost.com/blog/5-best-linux-blogs-for-beginners-to-follow/","5 Best Linux Blogs For Beginners To Follow - FastWebHost"
"7","64","www.pinterest.com","https://www.pinterest.com/pin/linux-for-beginners-an-introduction-to-the-linux-operating-system-and-command-line-jason-cannon-9781496145093-a--616922848930331150/","An Introduction to the Linux Operating System and Command Line"
"7","65","www.linux.com","https://www.linux.com/training-tutorials/complete-beginners-guide-linux/","The Complete Beginner's Guide to Linux"
"7","66","www.linux.com","https://www.linux.com/audience/devops/apache-ubuntu-linux-beginners/","Apache on Ubuntu Linux For Beginners"
"7","67","www.reallinuxuser.com","https://www.reallinuxuser.com/i-finished-my-free-linux-mint-beginner-course/","I finished my free Linux Mint beginner course"
"7","68","www.pcworld.com","https://www.pcworld.com/article/427298/how-to-get-started-with-linux-a-beginners-guide.html","How to get started with Linux: A beginner's guide - PCWorld"
"7","69","www.sandervanvugt.com","https://www.sandervanvugt.com/linux-for-beginners-master-linux-fundamentals/","Linux for beginners: master Linux fundamentals - Sander van Vugt"
"8","70","allabouttesting.org","https://allabouttesting.org/top-linux-commands-for-beginners/","Top 25 Linux Commands for Beginners - All About Testing"
"8","71","linuxconfig.org","https://linuxconfig.org/where-to-get-linux","Where to get linux: How to get started beginner guide"
"8","72","haydenjames.io","https://haydenjames.io/best-linux-distro/","Best Linux Distros in 2022 for Beginner, Experienced and Expert ..."
"8","73","www.jeremymorgan.com","https://www.jeremymorgan.com/blog/linux/best-linux-for-beginners/","The Best Linux Distribution for Beginners? Arch Linux"
"8","74","skillmapper.com","https://skillmapper.com/courses/computer-science/engineering/linux-for-beginners-2021-udemy-eed8461b83f29","Linux for Beginners 2021 by Muharrem AYDIN (Udemy) - SkillMapper"
"8","75","thishosting.rocks","https://thishosting.rocks/best-linux-distros-beginners/","7 Best Linux Distros for Beginners in 2022 - ThisHosting.Rocks"
"8","76","www.netacad.com","https://www.netacad.com/courses/os-it/ndg-linux-unhatched","NDG Linux Unhatched - Cisco Networking Academy"
"8","77","linuxiac.com","https://linuxiac.com/choose-your-first-linux-distro/","Best Approaches to Choosing Your First Linux Distro (Beginner's ..."
"8","78","www.educba.com","https://www.educba.com/software-development/software-development-tutorials/linux-tutorial/","Linux Tutorial | A Basic Guide to Linux For Beginners - eduCBA"
"8","79","computingforgeeks.com","https://computingforgeeks.com/best-rated-top-linux-books-for-beginners/","Best Linux Books for Beginners & Experts 2022 | ComputingForGeeks"
"9","80","operavps.com","https://operavps.com/linux-strategies-for-beginners/","Linux Strategies For Beginners - OperaVPS"
"9","81","www.fosslinux.com","https://www.fosslinux.com/category/beginners-guide","Beginner's Guide - FOSS Linux"
"9","82","ftp.avenza.com","https://ftp.avenza.com/neumorphism-ui/wp-contents/Linux%2520Administration%2520A%2520Beginners%2520Guide%2520Sixth%2520Edition%2520Network%2520Pro%2520Library/JBA8XO","[PDF] Linux Administration A Beginners Guide Sixth Edition Network Pro ..."
"9","83","learn.redhat.com","https://learn.redhat.com/t5/Platform-Linux/Beginner-in-Linux/td-p/19507","Beginner in Linux - Red Hat Learning Community"
"9","84","maker.pro","https://maker.pro/linux/tutorial/basic-linux-commands-for-beginners","Basic Linux Commands for Beginners - Maker Pro"
"9","85","www.mygreatlearning.com","https://www.mygreatlearning.com/academy/learn-for-free/courses/intro-to-linux","Introduction to Linux - A Free Online Session with Certificate"
"9","86","blog.ssdnodes.com","https://blog.ssdnodes.com/blog/basic-linux-commands-for-beginners/","13 basic Linux commands for beginners - SSD Nodes Blog"
"9","87","www.proprofs.com","https://www.proprofs.com/quiz-school/story.php%3Ftitle%3Dtest-on-linux-basics-1","Trivia Quiz On Linux Basics For Beginners! - ProProfs"
"9","88","www.goodreads.com","https://www.goodreads.com/book/show/30617597-linux","Easy Linux for Beginners, Your Step-By-Step Guide to Learning the ..."
"9","89","www.ebay.com","https://www.ebay.com/itm/154834704803","LINUX: Easy Linux For Beginners, Your Step-By-Step Guide ... - eBay"
"10","90","www.linode.com","https://www.linode.com/series/tech-with-tim/","Tech With Tim Linux Beginners Series - Linode"
"10","91","www.tutorialandexample.com","https://www.tutorialandexample.com/linux-tutorial","Linux Tutorial for Beginners - TutorialAndExample"
"10","92","robertw.io","https://robertw.io/linux-beginners-framework","The Linux Beginners Framework - Robert Wohlfahrt"
"10","93","www.techtarget.com","https://www.techtarget.com/searchdatacenter/feature/Words-to-go-Learn-basic-Linux-terminology","Words to go: Learn basic Linux terminology - TechTarget"
"10","94","www.barnesandnoble.com","https://www.barnesandnoble.com/w/the-linux-mint-beginners-guide-second-edition-jonathan-moeller/1127021157","The Linux Mint Beginner's Guide - Second Edition - Barnes & Noble"
"10","95","www.edureka.co","https://www.edureka.co/blog/interview-questions/linux-interview-questions-for-beginners/","Top 50 Linux Interview Questions and Answers in 2023 | Edureka"
"10","96","www.computer-pdf.com","https://www.computer-pdf.com/operating-system/linux/786-tutorial-linux-fundamentals.html","[PDF] Linux Fundamentals free tutorial for Beginners"
"10","97","aktif.net","https://aktif.net/en/simple-linux-commands-for-beginners/","Simple Linux Commands for Beginners – Aktif"
"10","98","www.seeedstudio.com","https://www.seeedstudio.com/blog/2021/01/20/beginners-guide-to-embedded-linux/","Embedded Linux: A Beginner's Guide - Latest Open Tech From Seeed"
"10","99","maker.pro","https://maker.pro/linux/tutorial/basic-linux-commands-for-beginners","Basic Linux Commands for Beginners - Maker Pro"
