"page number","rank","domain","url","original title","english title"
"1","1","www.linux.org","https://www.linux.org/","Linux.org","Linux.org"
"1","2","id.wikipedia.org","https://id.wikipedia.org/wiki/Linux","Linux - Wikipedia bahasa Indonesia, ensiklopedia bebas","Linux - Wikipedia Indonesian, the free encyclopedia"
"1","3","tekno.kompas.com","https://tekno.kompas.com/read/2022/07/27/12150057/apa-itu-linux-mengenal-fungsi-sejarah-serta-kelebihan-dan-kekurangannya%3Fpage%3Dall","Apa Itu Linux? Mengenal Fungsi, Sejarah, serta Kelebihan dan ...","What Is Linux? Get to know the Functions, History, as well as the Advantages and ..."
"1","4","diskominfo.kedirikab.go.id","https://diskominfo.kedirikab.go.id/baca/apa-itu-linux","Apa itu Linux? - Kominfo Kab Kediri","What is Linux? - Kominfo Kediri District"
"1","5","ubuntu.com","https://ubuntu.com/","Ubuntu: Enterprise Open Source and Linux","Ubuntu: Enterprise Open Source and Linux"
"1","6","sistem-komputer-s1.stekom.ac.id","http://sistem-komputer-s1.stekom.ac.id/informasi/baca/Linux-adalah-Sistem-Operasi-Komputer-Kenali-Macamnya/c5f52cf080e5f04f7824fcf100b38e95a6cb77cf","Linux adalah Sistem Operasi Komputer, Kenali Macamnya","Linux is a Computer Operating System, Know Its Kind"
"1","7","linuxmint.com","https://linuxmint.com/","Linux Mint: Home","Linux Mint: Home"
"1","8","www.merdeka.com","https://www.merdeka.com/jateng/macam-macam-linux-pada-komputer-ketahui-cara-kerjanya-kln.html","Macam-macam Linux pada Komputer, Ketahui Cara Kerjanya","Various Linux on Computers, Know How It Works"
"1","9","www.kernel.org","https://www.kernel.org/","The Linux Kernel Archives","The Linux Kernel Archives"
"1","10","www.dicoding.com","https://www.dicoding.com/blog/macam-macam-linux/","10 Macam-macam Linux yang Bisa Kamu Coba - Dicoding Blog","10 Kinds of Linux You Can Try - Dicoding Blog"
"2","11","cloudraya.com","https://cloudraya.com/blog/berbagai-macam-jenis-os-linux-dan-kehebatan-masing-masing/","Berbagai Macam Jenis OS Linux dan Kehebatan Masing-Masing","Different Types of Linux OS and the Greatness of Each"
"2","12","www.linuxfoundation.org","https://www.linuxfoundation.org/","Linux Foundation - Decentralized innovation, built with trust","Linux Foundation - Decentralized innovation, built with trust"
"2","13","www.kernel.org","https://www.kernel.org/","The Linux Kernel Archives","The Linux Kernel Archives"
"2","14","www.linuxmint.com","https://www.linuxmint.com/download.php","Download Linux Mint 21","Download Linux Mint 21"
"2","15","bitlabs.id","https://bitlabs.id/blog/linux-adalah/","Apa itu Linux? Berikut Penjelasan Lengkapnya! - Bitlabs Blog","What is Linux? Here's the Full Explanation! - Bitlabs Blog"
"2","16","www.linux.com","https://www.linux.com/","Linux.com - News For Open Source Professionals","MYMEMORY WARNING: YOU USED ALL AVAILABLE FREE TRANSLATIONS FOR TODAY. NEXT AVAILABLE IN  00 HOURS 19 MINUTES 43 SECONDS VISIT HTTPS://MYMEMORY.TRANSLATED.NET/DOC/USAGELIMITS.PHP TO TRANSLATE MORE"
"2","17","www.debian.org","https://www.debian.org/","Debian -- The Universal Operating System","MYMEMORY WARNING: YOU USED ALL AVAILABLE FREE TRANSLATIONS FOR TODAY. NEXT AVAILABLE IN  00 HOURS 19 MINUTES 42 SECONDS VISIT HTTPS://MYMEMORY.TRANSLATED.NET/DOC/USAGELIMITS.PHP TO TRANSLATE MORE"
"2","18","www.oracle.com","https://www.oracle.com/linux/","Oracle Linux","Oracle Linux"
"2","19","blankon.id","https://blankon.id/","BlankOn - Linux OS. Ekosistem perangkat lunak legal dan kreatif ...","MYMEMORY WARNING: YOU USED ALL AVAILABLE FREE TRANSLATIONS FOR TODAY. NEXT AVAILABLE IN  00 HOURS 19 MINUTES 39 SECONDS VISIT HTTPS://MYMEMORY.TRANSLATED.NET/DOC/USAGELIMITS.PHP TO TRANSLATE MORE"
"3","20","blankon.id","https://blankon.id/","BlankOn - Linux OS. Ekosistem perangkat lunak legal dan kreatif ...","MYMEMORY WARNING: YOU USED ALL AVAILABLE FREE TRANSLATIONS FOR TODAY. NEXT AVAILABLE IN  00 HOURS 19 MINUTES 38 SECONDS VISIT HTTPS://MYMEMORY.TRANSLATED.NET/DOC/USAGELIMITS.PHP TO TRANSLATE MORE"
"3","21","mxlinux.org","https://mxlinux.org/","MX Linux – Midweight Simple Stable Desktop OS","MX Linux – Midweight Simple Stable Desktop OS"
"3","22","slack.com","https://slack.com/downloads/linux","Linux | Downloads - Slack","MYMEMORY WARNING: YOU USED ALL AVAILABLE FREE TRANSLATIONS FOR TODAY. NEXT AVAILABLE IN  00 HOURS 19 MINUTES 35 SECONDS VISIT HTTPS://MYMEMORY.TRANSLATED.NET/DOC/USAGELIMITS.PHP TO TRANSLATE MORE"
"3","23","www.linuxjournal.com","https://www.linuxjournal.com/","Linux Journal: Home","MYMEMORY WARNING: YOU USED ALL AVAILABLE FREE TRANSLATIONS FOR TODAY. NEXT AVAILABLE IN  00 HOURS 19 MINUTES 33 SECONDS VISIT HTTPS://MYMEMORY.TRANSLATED.NET/DOC/USAGELIMITS.PHP TO TRANSLATE MORE"
"3","24","docs.docker.com","https://docs.docker.com/desktop/install/linux-install/","Install on Linux | Docker Documentation","MYMEMORY WARNING: YOU USED ALL AVAILABLE FREE TRANSLATIONS FOR TODAY. NEXT AVAILABLE IN  00 HOURS 19 MINUTES 32 SECONDS VISIT HTTPS://MYMEMORY.TRANSLATED.NET/DOC/USAGELIMITS.PHP TO TRANSLATE MORE"
"3","25","learn.microsoft.com","https://learn.microsoft.com/en-us/dotnet/core/install/linux","Install .NET on Linux distributions - Microsoft Learn","MYMEMORY WARNING: YOU USED ALL AVAILABLE FREE TRANSLATIONS FOR TODAY. NEXT AVAILABLE IN  00 HOURS 19 MINUTES 31 SECONDS VISIT HTTPS://MYMEMORY.TRANSLATED.NET/DOC/USAGELIMITS.PHP TO TRANSLATE MORE"
"3","26","www.kali.org","https://www.kali.org/","Kali Linux | Penetration Testing and Ethical Hacking Linux Distribution","Kali Linux | Penetration Testing and Ethical Hacking Linux Distribution"
"3","27","manjaro.org","https://manjaro.org/","Manjaro Linux","MYMEMORY WARNING: YOU USED ALL AVAILABLE FREE TRANSLATIONS FOR TODAY. NEXT AVAILABLE IN  00 HOURS 19 MINUTES 28 SECONDS VISIT HTTPS://MYMEMORY.TRANSLATED.NET/DOC/USAGELIMITS.PHP TO TRANSLATE MORE"
"3","28","www.dev47apps.com","https://www.dev47apps.com/droidcam/linux/","Linux | DroidCam - Dev47Apps","Linux | DroidCam - Dev47Apps"
"4","29","www.centos.org","https://www.centos.org/","The CentOS Project","The CentOS Project"
"4","30","www.reddit.com","https://www.reddit.com/r/linux/","Linux, GNU/Linux, free software... - Reddit","MYMEMORY WARNING: YOU USED ALL AVAILABLE FREE TRANSLATIONS FOR TODAY. NEXT AVAILABLE IN  00 HOURS 19 MINUTES 23 SECONDS VISIT HTTPS://MYMEMORY.TRANSLATED.NET/DOC/USAGELIMITS.PHP TO TRANSLATE MORE"
"4","31","www.makeuseof.com","https://www.makeuseof.com/category/linux/","Linux | MUO - MakeUseOf","Linux | MUO - MakeUseOf"
"4","32","www.audacityteam.org","https://www.audacityteam.org/download/linux/","Linux | Audacity ®","Linux | Audacity ®"
"4","33","www.lenovo.com","https://www.lenovo.com/id/in/faqs/sistem-operasi/untuk-apa-linux-digunakan/","Untuk Apa Linux Digunakan? | Sistem Operasi | Lenovo Indonesia","MYMEMORY WARNING: YOU USED ALL AVAILABLE FREE TRANSLATIONS FOR TODAY. NEXT AVAILABLE IN  00 HOURS 19 MINUTES 18 SECONDS VISIT HTTPS://MYMEMORY.TRANSLATED.NET/DOC/USAGELIMITS.PHP TO TRANSLATE MORE"
"4","34","www.amd.com","https://www.amd.com/en/support/linux-drivers","Linux® Drivers for AMD Radeon™ and Radeon PRO™ Graphics","MYMEMORY WARNING: YOU USED ALL AVAILABLE FREE TRANSLATIONS FOR TODAY. NEXT AVAILABLE IN  00 HOURS 19 MINUTES 17 SECONDS VISIT HTTPS://MYMEMORY.TRANSLATED.NET/DOC/USAGELIMITS.PHP TO TRANSLATE MORE"
"4","35","www.linuxjournal.com","https://www.linuxjournal.com/","Linux Journal: Home","MYMEMORY WARNING: YOU USED ALL AVAILABLE FREE TRANSLATIONS FOR TODAY. NEXT AVAILABLE IN  00 HOURS 19 MINUTES 16 SECONDS VISIT HTTPS://MYMEMORY.TRANSLATED.NET/DOC/USAGELIMITS.PHP TO TRANSLATE MORE"
"4","36","docs.flutter.dev","https://docs.flutter.dev/get-started/install/linux","Linux install - Flutter documentation","MYMEMORY WARNING: YOU USED ALL AVAILABLE FREE TRANSLATIONS FOR TODAY. NEXT AVAILABLE IN  00 HOURS 19 MINUTES 14 SECONDS VISIT HTTPS://MYMEMORY.TRANSLATED.NET/DOC/USAGELIMITS.PHP TO TRANSLATE MORE"
"4","37","www.mongodb.com","https://www.mongodb.com/docs/manual/administration/install-on-linux/","Install MongoDB Community Edition on Linux","MYMEMORY WARNING: YOU USED ALL AVAILABLE FREE TRANSLATIONS FOR TODAY. NEXT AVAILABLE IN  00 HOURS 19 MINUTES 13 SECONDS VISIT HTTPS://MYMEMORY.TRANSLATED.NET/DOC/USAGELIMITS.PHP TO TRANSLATE MORE"
"4","38","opensource.com","https://opensource.com/resources/linux","What is Linux? - Opensource.com","MYMEMORY WARNING: YOU USED ALL AVAILABLE FREE TRANSLATIONS FOR TODAY. NEXT AVAILABLE IN  00 HOURS 19 MINUTES 12 SECONDS VISIT HTTPS://MYMEMORY.TRANSLATED.NET/DOC/USAGELIMITS.PHP TO TRANSLATE MORE"
"5","39","opensource.com","https://opensource.com/resources/linux","What is Linux? - Opensource.com","MYMEMORY WARNING: YOU USED ALL AVAILABLE FREE TRANSLATIONS FOR TODAY. NEXT AVAILABLE IN  00 HOURS 19 MINUTES 10 SECONDS VISIT HTTPS://MYMEMORY.TRANSLATED.NET/DOC/USAGELIMITS.PHP TO TRANSLATE MORE"
"5","40","asahilinux.org","https://asahilinux.org/","Asahi Linux","MYMEMORY WARNING: YOU USED ALL AVAILABLE FREE TRANSLATIONS FOR TODAY. NEXT AVAILABLE IN  00 HOURS 19 MINUTES 08 SECONDS VISIT HTTPS://MYMEMORY.TRANSLATED.NET/DOC/USAGELIMITS.PHP TO TRANSLATE MORE"
"5","41","www.britannica.com","https://www.britannica.com/technology/Linux","Linux | Definition & Facts - Britannica","MYMEMORY WARNING: YOU USED ALL AVAILABLE FREE TRANSLATIONS FOR TODAY. NEXT AVAILABLE IN  00 HOURS 19 MINUTES 07 SECONDS VISIT HTTPS://MYMEMORY.TRANSLATED.NET/DOC/USAGELIMITS.PHP TO TRANSLATE MORE"
"5","42","docs.flutter.dev","https://docs.flutter.dev/get-started/install/linux","Linux install - Flutter documentation","MYMEMORY WARNING: YOU USED ALL AVAILABLE FREE TRANSLATIONS FOR TODAY. NEXT AVAILABLE IN  00 HOURS 19 MINUTES 06 SECONDS VISIT HTTPS://MYMEMORY.TRANSLATED.NET/DOC/USAGELIMITS.PHP TO TRANSLATE MORE"
"5","43","www.alpinelinux.org","https://www.alpinelinux.org/","Alpine Linux: index","Alpine Linux: index"
"5","44","www.mongodb.com","https://www.mongodb.com/docs/manual/administration/install-on-linux/","Install MongoDB Community Edition on Linux","MYMEMORY WARNING: YOU USED ALL AVAILABLE FREE TRANSLATIONS FOR TODAY. NEXT AVAILABLE IN  00 HOURS 19 MINUTES 03 SECONDS VISIT HTTPS://MYMEMORY.TRANSLATED.NET/DOC/USAGELIMITS.PHP TO TRANSLATE MORE"
"5","45","www.redhat.com","https://www.redhat.com/en","Red Hat - We make open source technologies for the enterprise","MYMEMORY WARNING: YOU USED ALL AVAILABLE FREE TRANSLATIONS FOR TODAY. NEXT AVAILABLE IN  00 HOURS 19 MINUTES 02 SECONDS VISIT HTTPS://MYMEMORY.TRANSLATED.NET/DOC/USAGELIMITS.PHP TO TRANSLATE MORE"
"5","46","almalinux.org","https://almalinux.org/","AlmaLinux OS - Forever-Free Enterprise-Grade Operating System","MYMEMORY WARNING: YOU USED ALL AVAILABLE FREE TRANSLATIONS FOR TODAY. NEXT AVAILABLE IN  00 HOURS 19 MINUTES 00 SECONDS VISIT HTTPS://MYMEMORY.TRANSLATED.NET/DOC/USAGELIMITS.PHP TO TRANSLATE MORE"
"5","47","www.ekrut.com","https://www.ekrut.com/media/linux-adalah","Operating System Linux: Pengertian, Kelebihan, Kekurangan, 3 ...","MYMEMORY WARNING: YOU USED ALL AVAILABLE FREE TRANSLATIONS FOR TODAY. NEXT AVAILABLE IN  00 HOURS 18 MINUTES 59 SECONDS VISIT HTTPS://MYMEMORY.TRANSLATED.NET/DOC/USAGELIMITS.PHP TO TRANSLATE MORE"
"6","48","www.kompasiana.com","https://www.kompasiana.com/shohibul300994/621e8c16e2d60e297455bb72/masa-depan-sistem-operasi-linux-di-indonesia","Masa Depan Sistem Operasi Linux di Indonesia Halaman 1","The Future of Linux Operating Systems in Indonesia Page 1"
"6","49","asahilinux.org","https://asahilinux.org/","Asahi Linux","Asahi Linux"
"6","50","www.virtualbox.org","https://www.virtualbox.org/wiki/Linux_Downloads","Linux_Downloads – Oracle VM VirtualBox","MYMEMORY WARNING: YOU USED ALL AVAILABLE FREE TRANSLATIONS FOR TODAY. NEXT AVAILABLE IN  00 HOURS 18 MINUTES 54 SECONDS VISIT HTTPS://MYMEMORY.TRANSLATED.NET/DOC/USAGELIMITS.PHP TO TRANSLATE MORE"
"6","51","www.spotify.com","https://www.spotify.com/us/download/linux/","Spotify for Linux","Spotify for Linux"
"6","52","anydesk.com","https://anydesk.com/en/downloads/linux","Remote Desktop Software for Linux - AnyDesk","Remote Desktop Software for Linux - AnyDesk"
"6","53","www.gnu.org","https://www.gnu.org/gnu/linux-and-gnu.html","Linux and GNU - GNU Project - Free Software Foundation","MYMEMORY WARNING: YOU USED ALL AVAILABLE FREE TRANSLATIONS FOR TODAY. NEXT AVAILABLE IN  00 HOURS 18 MINUTES 48 SECONDS VISIT HTTPS://MYMEMORY.TRANSLATED.NET/DOC/USAGELIMITS.PHP TO TRANSLATE MORE"
"6","54","lwn.net","https://lwn.net/","Welcome to LWN.net [LWN.net]","Welcome to LWN.net [LWN.net]"
"6","55","frame.work","https://frame.work/linux","Linux on the Framework Laptop","MYMEMORY WARNING: YOU USED ALL AVAILABLE FREE TRANSLATIONS FOR TODAY. NEXT AVAILABLE IN  00 HOURS 18 MINUTES 45 SECONDS VISIT HTTPS://MYMEMORY.TRANSLATED.NET/DOC/USAGELIMITS.PHP TO TRANSLATE MORE"
"6","56","rockylinux.org","https://rockylinux.org/download/","Download Rocky","MYMEMORY WARNING: YOU USED ALL AVAILABLE FREE TRANSLATIONS FOR TODAY. NEXT AVAILABLE IN  00 HOURS 18 MINUTES 44 SECONDS VISIT HTTPS://MYMEMORY.TRANSLATED.NET/DOC/USAGELIMITS.PHP TO TRANSLATE MORE"
"6","57","distrowatch.com","https://distrowatch.com/","DistroWatch.com: Put the fun back into computing. Use Linux, BSD.","DistroWatch.com: Put the fun back into computing. Use Linux, BSD."
"7","58","brave.com","https://brave.com/linux/","Installing Brave on Linux","MYMEMORY WARNING: YOU USED ALL AVAILABLE FREE TRANSLATIONS FOR TODAY. NEXT AVAILABLE IN  00 HOURS 18 MINUTES 41 SECONDS VISIT HTTPS://MYMEMORY.TRANSLATED.NET/DOC/USAGELIMITS.PHP TO TRANSLATE MORE"
"7","59","www.linuxfromscratch.org","https://www.linuxfromscratch.org/","Welcome to Linux From Scratch!","MYMEMORY WARNING: YOU USED ALL AVAILABLE FREE TRANSLATIONS FOR TODAY. NEXT AVAILABLE IN  00 HOURS 18 MINUTES 40 SECONDS VISIT HTTPS://MYMEMORY.TRANSLATED.NET/DOC/USAGELIMITS.PHP TO TRANSLATE MORE"
"7","60","acehprov.go.id","https://acehprov.go.id/berita/kategori/serba-serbi/37-mengapa-kita-tidak-beralih-ke-linux","Mengapa Kita Tidak Beralih ke Linux? - Pemerintah Aceh","MYMEMORY WARNING: YOU USED ALL AVAILABLE FREE TRANSLATIONS FOR TODAY. NEXT AVAILABLE IN  00 HOURS 18 MINUTES 37 SECONDS VISIT HTTPS://MYMEMORY.TRANSLATED.NET/DOC/USAGELIMITS.PHP TO TRANSLATE MORE"
"7","61","kodi.tv","https://kodi.tv/download/linux/","Linux | Downloads - Kodi","Linux | Downloads - Kodi"
"7","62","distrowatch.com","https://distrowatch.com/","DistroWatch.com: Put the fun back into computing. Use Linux, BSD.","MYMEMORY WARNING: YOU USED ALL AVAILABLE FREE TRANSLATIONS FOR TODAY. NEXT AVAILABLE IN  00 HOURS 18 MINUTES 34 SECONDS VISIT HTTPS://MYMEMORY.TRANSLATED.NET/DOC/USAGELIMITS.PHP TO TRANSLATE MORE"
"7","63","linux.softpedia.com","https://linux.softpedia.com/","Free Linux Downloads","MYMEMORY WARNING: YOU USED ALL AVAILABLE FREE TRANSLATIONS FOR TODAY. NEXT AVAILABLE IN  00 HOURS 18 MINUTES 33 SECONDS VISIT HTTPS://MYMEMORY.TRANSLATED.NET/DOC/USAGELIMITS.PHP TO TRANSLATE MORE"
"7","64","www.lpi.org","https://www.lpi.org/","Linux Professional Institute","MYMEMORY WARNING: YOU USED ALL AVAILABLE FREE TRANSLATIONS FOR TODAY. NEXT AVAILABLE IN  00 HOURS 18 MINUTES 31 SECONDS VISIT HTTPS://MYMEMORY.TRANSLATED.NET/DOC/USAGELIMITS.PHP TO TRANSLATE MORE"
"7","65","www.kompasiana.com","https://www.kompasiana.com/shohibul300994/621e8c16e2d60e297455bb72/masa-depan-sistem-operasi-linux-di-indonesia","Masa Depan Sistem Operasi Linux di Indonesia Halaman 1","The Future of Linux Operating Systems in Indonesia Page 1"
"7","66","www.home-assistant.io","https://www.home-assistant.io/installation/linux/","Linux - Home Assistant","Linux - Home Assistant"
"7","67","www.youtube.com","https://www.youtube.com/watch%3Fv%3DrrB13utjYV4","Linux in 100 Seconds - YouTube","MYMEMORY WARNING: YOU USED ALL AVAILABLE FREE TRANSLATIONS FOR TODAY. NEXT AVAILABLE IN  00 HOURS 18 MINUTES 27 SECONDS VISIT HTTPS://MYMEMORY.TRANSLATED.NET/DOC/USAGELIMITS.PHP TO TRANSLATE MORE"
"8","68","nordvpn.com","https://nordvpn.com/download/linux/","Download the Best Linux VPN - NordVPN","MYMEMORY WARNING: YOU USED ALL AVAILABLE FREE TRANSLATIONS FOR TODAY. NEXT AVAILABLE IN  00 HOURS 18 MINUTES 26 SECONDS VISIT HTTPS://MYMEMORY.TRANSLATED.NET/DOC/USAGELIMITS.PHP TO TRANSLATE MORE"
"8","69","www.bodhilinux.com","https://www.bodhilinux.com/","Bodhi: The Enlightened Linux Distribution","MYMEMORY WARNING: YOU USED ALL AVAILABLE FREE TRANSLATIONS FOR TODAY. NEXT AVAILABLE IN  00 HOURS 18 MINUTES 24 SECONDS VISIT HTTPS://MYMEMORY.TRANSLATED.NET/DOC/USAGELIMITS.PHP TO TRANSLATE MORE"
"8","70","signal.org","https://signal.org/download/linux","Signal >> Download Signal for Linux","MYMEMORY WARNING: YOU USED ALL AVAILABLE FREE TRANSLATIONS FOR TODAY. NEXT AVAILABLE IN  00 HOURS 18 MINUTES 23 SECONDS VISIT HTTPS://MYMEMORY.TRANSLATED.NET/DOC/USAGELIMITS.PHP TO TRANSLATE MORE"
"8","71","www.suse.com","https://www.suse.com/","SUSE - Open Source Solutions for Enterprise Servers & Cloud | SUSE","SUSE - Open Source Solutions for Enterprise Servers & Cloud | SUSE"
"8","72","www.netacad.com","https://www.netacad.com/courses/os-it/ndg-linux-essentials","NDG Linux Essentials - Cisco Networking Academy","NDG Linux Essentials - Cisco Networking Academy"
"8","73","www.lpi.org","https://www.lpi.org/","Linux Professional Institute","MYMEMORY WARNING: YOU USED ALL AVAILABLE FREE TRANSLATIONS FOR TODAY. NEXT AVAILABLE IN  00 HOURS 18 MINUTES 19 SECONDS VISIT HTTPS://MYMEMORY.TRANSLATED.NET/DOC/USAGELIMITS.PHP TO TRANSLATE MORE"
"8","74","www.pengertianku.net","https://www.pengertianku.net/2017/08/pengertian-linux-dan-contohnya.html","Pengertian Linux dan Contohnya: Kelebihan serta Kekurangannya","MYMEMORY WARNING: YOU USED ALL AVAILABLE FREE TRANSLATIONS FOR TODAY. NEXT AVAILABLE IN  00 HOURS 18 MINUTES 16 SECONDS VISIT HTTPS://MYMEMORY.TRANSLATED.NET/DOC/USAGELIMITS.PHP TO TRANSLATE MORE"
"8","75","www.linux-magazine.com","http://www.linux-magazine.com/","Linux Magazine","MYMEMORY WARNING: YOU USED ALL AVAILABLE FREE TRANSLATIONS FOR TODAY. NEXT AVAILABLE IN  00 HOURS 18 MINUTES 15 SECONDS VISIT HTTPS://MYMEMORY.TRANSLATED.NET/DOC/USAGELIMITS.PHP TO TRANSLATE MORE"
"8","76","linuxcontainers.org","https://linuxcontainers.org/","Linux Containers","MYMEMORY WARNING: YOU USED ALL AVAILABLE FREE TRANSLATIONS FOR TODAY. NEXT AVAILABLE IN  00 HOURS 18 MINUTES 14 SECONDS VISIT HTTPS://MYMEMORY.TRANSLATED.NET/DOC/USAGELIMITS.PHP TO TRANSLATE MORE"
"9","77","www.suse.com","https://www.suse.com/","SUSE - Open Source Solutions for Enterprise Servers & Cloud | SUSE","MYMEMORY WARNING: YOU USED ALL AVAILABLE FREE TRANSLATIONS FOR TODAY. NEXT AVAILABLE IN  00 HOURS 18 MINUTES 13 SECONDS VISIT HTTPS://MYMEMORY.TRANSLATED.NET/DOC/USAGELIMITS.PHP TO TRANSLATE MORE"
"9","78","www.netacad.com","https://www.netacad.com/courses/os-it/ndg-linux-essentials","NDG Linux Essentials - Cisco Networking Academy","NDG Linux Essentials - Cisco Networking Academy"
"9","79","itsfoss.com","https://itsfoss.com/","It's FOSS - World's Leading Linux & Open Source Web Portal","MYMEMORY WARNING: YOU USED ALL AVAILABLE FREE TRANSLATIONS FOR TODAY. NEXT AVAILABLE IN  00 HOURS 18 MINUTES 10 SECONDS VISIT HTTPS://MYMEMORY.TRANSLATED.NET/DOC/USAGELIMITS.PHP TO TRANSLATE MORE"
"9","80","www.pengertianku.net","https://www.pengertianku.net/2017/08/pengertian-linux-dan-contohnya.html","Pengertian Linux dan Contohnya: Kelebihan serta Kekurangannya","Understanding Linux and Examples: Advantages and Disadvantages"
"9","81","www.phoronix.com","https://www.phoronix.com/","Phoronix: Linux Hardware Reviews & Performance Benchmarks ...","MYMEMORY WARNING: YOU USED ALL AVAILABLE FREE TRANSLATIONS FOR TODAY. NEXT AVAILABLE IN  00 HOURS 18 MINUTES 07 SECONDS VISIT HTTPS://MYMEMORY.TRANSLATED.NET/DOC/USAGELIMITS.PHP TO TRANSLATE MORE"
"9","82","www.hostinger.com","https://www.hostinger.com/tutorials/linux-commands","40 Basic Linux Commands Every User Should Know - Hostinger","40 Basic Linux Commands Every User Should Know - Hostinger"
"9","83","www.techtarget.com","https://www.techtarget.com/searchdatacenter/definition/Linux-operating-system","What is the Linux operating system? - TechTarget","MYMEMORY WARNING: YOU USED ALL AVAILABLE FREE TRANSLATIONS FOR TODAY. NEXT AVAILABLE IN  00 HOURS 18 MINUTES 04 SECONDS VISIT HTTPS://MYMEMORY.TRANSLATED.NET/DOC/USAGELIMITS.PHP TO TRANSLATE MORE"
"9","84","cloud.google.com","https://cloud.google.com/compute/docs/create-linux-vm-instance","Create a Linux VM instance in Compute Engine - Google Cloud","MYMEMORY WARNING: YOU USED ALL AVAILABLE FREE TRANSLATIONS FOR TODAY. NEXT AVAILABLE IN  00 HOURS 18 MINUTES 02 SECONDS VISIT HTTPS://MYMEMORY.TRANSLATED.NET/DOC/USAGELIMITS.PHP TO TRANSLATE MORE"
"9","85","www.dicoding.com","https://www.dicoding.com/blog/macam-macam-linux/","10 Macam-macam Linux yang Bisa Kamu Coba - Dicoding Blog","10 Kinds of Linux You Can Try - Dicoding Blog"
"10","86","www.jenkins.io","https://www.jenkins.io/doc/book/installing/linux/","Linux - Jenkins","MYMEMORY WARNING: YOU USED ALL AVAILABLE FREE TRANSLATIONS FOR TODAY. NEXT AVAILABLE IN  00 HOURS 18 MINUTES 00 SECONDS VISIT HTTPS://MYMEMORY.TRANSLATED.NET/DOC/USAGELIMITS.PHP TO TRANSLATE MORE"
"10","87","www.videolan.org","https://www.videolan.org/vlc/","Official download of VLC media player, the best Open Source player","MYMEMORY WARNING: YOU USED ALL AVAILABLE FREE TRANSLATIONS FOR TODAY. NEXT AVAILABLE IN  00 HOURS 17 MINUTES 58 SECONDS VISIT HTTPS://MYMEMORY.TRANSLATED.NET/DOC/USAGELIMITS.PHP TO TRANSLATE MORE"
"10","88","www.slackware.com","http://www.slackware.com/","The Slackware Linux Project","The Slackware Linux Project"
"10","89","unix.stackexchange.com","https://unix.stackexchange.com/","Unix & Linux Stack Exchange","Unix & Linux Stack Exchange"
"10","90","www.automotivelinux.org","https://www.automotivelinux.org/","Automotive Grade Linux: Home","Automotive Grade Linux: Home"
"10","91","code.visualstudio.com","https://code.visualstudio.com/docs/setup/linux","Running Visual Studio Code on Linux","MYMEMORY WARNING: YOU USED ALL AVAILABLE FREE TRANSLATIONS FOR TODAY. NEXT AVAILABLE IN  00 HOURS 17 MINUTES 52 SECONDS VISIT HTTPS://MYMEMORY.TRANSLATED.NET/DOC/USAGELIMITS.PHP TO TRANSLATE MORE"
"10","92","docs.anaconda.com","https://docs.anaconda.com/anaconda/install/linux/","Installing on Linux - Anaconda Documentation","Installing on Linux - Anaconda Documentation"
"10","93","scientificlinux.org","https://scientificlinux.org/","Scientific Linux","MYMEMORY WARNING: YOU USED ALL AVAILABLE FREE TRANSLATIONS FOR TODAY. NEXT AVAILABLE IN  00 HOURS 17 MINUTES 49 SECONDS VISIT HTTPS://MYMEMORY.TRANSLATED.NET/DOC/USAGELIMITS.PHP TO TRANSLATE MORE"
"10","94","stackoverflow.com","https://stackoverflow.com/questions/tagged/linux","Newest 'linux' Questions - Stack Overflow","Newest 'linux' Questions - Stack Overflow"
"10","95","digilib.amikompurwokerto.ac.id","https://digilib.amikompurwokerto.ac.id/index.php%3Fp%3Dshow_detail%26id%3D9354","Konsep & Implementasi jaringan dengan linux ubuntu","Network concept & implementation with linux ubuntu"
"11","96","aws.amazon.com","https://aws.amazon.com/amazon-linux-2/","Amazon Linux 2 - AWS","Amazon Linux 2 - AWS"
"11","97","www.exabytes.co.id","https://www.exabytes.co.id/blog/distro-linux-terbaik/","11+ Distro Linux Terbaik dan Paling Populer Tahun 2021 - Exabytes","MYMEMORY WARNING: YOU USED ALL AVAILABLE FREE TRANSLATIONS FOR TODAY. NEXT AVAILABLE IN  00 HOURS 17 MINUTES 43 SECONDS VISIT HTTPS://MYMEMORY.TRANSLATED.NET/DOC/USAGELIMITS.PHP TO TRANSLATE MORE"
"11","98","www.tinycorelinux.net","http://www.tinycorelinux.net/","Tiny Core Linux, Micro Core Linux, 12MB Linux GUI Desktop, Live ...","Tiny Core Linux, Micro Core Linux, 12MB Linux GUI Desktop, Live..."
"11","99","www.linuxtoday.com","https://www.linuxtoday.com/","Linux Today: Linux News, Tutorials & Guides for 2022","Linux Today: Linux News, Tutorials & Guides for 2022"
"11","100","www.cloudlinux.com","https://www.cloudlinux.com/","CloudLinux: Front page","CloudLinux: Front page"
"11","101","www.dropbox.com","https://www.dropbox.com/install-linux","Install - Dropbox.com","Install - Dropbox.com"
"11","102","en.wiktionary.org","https://en.wiktionary.org/wiki/Linux","Linux - Wiktionary","MYMEMORY WARNING: YOU USED ALL AVAILABLE FREE TRANSLATIONS FOR TODAY. NEXT AVAILABLE IN  00 HOURS 17 MINUTES 35 SECONDS VISIT HTTPS://MYMEMORY.TRANSLATED.NET/DOC/USAGELIMITS.PHP TO TRANSLATE MORE"
"11","103","www.postgresql.org","https://www.postgresql.org/download/linux/","Linux downloads (other) - PostgreSQL","MYMEMORY WARNING: YOU USED ALL AVAILABLE FREE TRANSLATIONS FOR TODAY. NEXT AVAILABLE IN  00 HOURS 17 MINUTES 34 SECONDS VISIT HTTPS://MYMEMORY.TRANSLATED.NET/DOC/USAGELIMITS.PHP TO TRANSLATE MORE"
"11","104","www.tutorialspoint.com","https://www.tutorialspoint.com/operating_system/os_linux.htm","Operating System - Linux - Tutorialspoint","MYMEMORY WARNING: YOU USED ALL AVAILABLE FREE TRANSLATIONS FOR TODAY. NEXT AVAILABLE IN  00 HOURS 17 MINUTES 32 SECONDS VISIT HTTPS://MYMEMORY.TRANSLATED.NET/DOC/USAGELIMITS.PHP TO TRANSLATE MORE"
"12","105","www.exabytes.co.id","https://www.exabytes.co.id/blog/distro-linux-terbaik/","11+ Distro Linux Terbaik dan Paling Populer Tahun 2021 - Exabytes","MYMEMORY WARNING: YOU USED ALL AVAILABLE FREE TRANSLATIONS FOR TODAY. NEXT AVAILABLE IN  00 HOURS 17 MINUTES 30 SECONDS VISIT HTTPS://MYMEMORY.TRANSLATED.NET/DOC/USAGELIMITS.PHP TO TRANSLATE MORE"
"12","106","1password.com","https://1password.com/downloads/linux/","Best Password Manager for Linux - 1Password","MYMEMORY WARNING: YOU USED ALL AVAILABLE FREE TRANSLATIONS FOR TODAY. NEXT AVAILABLE IN  00 HOURS 17 MINUTES 29 SECONDS VISIT HTTPS://MYMEMORY.TRANSLATED.NET/DOC/USAGELIMITS.PHP TO TRANSLATE MORE"
"12","107","scientificlinux.org","https://scientificlinux.org/","Scientific Linux","MYMEMORY WARNING: YOU USED ALL AVAILABLE FREE TRANSLATIONS FOR TODAY. NEXT AVAILABLE IN  00 HOURS 17 MINUTES 28 SECONDS VISIT HTTPS://MYMEMORY.TRANSLATED.NET/DOC/USAGELIMITS.PHP TO TRANSLATE MORE"
"12","108","simonas.kominfo.go.id","https://simonas.kominfo.go.id/jobs/281/detail","Embedded Linux Programmer - SIMONAS","MYMEMORY WARNING: YOU USED ALL AVAILABLE FREE TRANSLATIONS FOR TODAY. NEXT AVAILABLE IN  00 HOURS 17 MINUTES 27 SECONDS VISIT HTTPS://MYMEMORY.TRANSLATED.NET/DOC/USAGELIMITS.PHP TO TRANSLATE MORE"
"12","109","www.tutorialspoint.com","https://www.tutorialspoint.com/operating_system/os_linux.htm","Operating System - Linux - Tutorialspoint","MYMEMORY WARNING: YOU USED ALL AVAILABLE FREE TRANSLATIONS FOR TODAY. NEXT AVAILABLE IN  00 HOURS 17 MINUTES 25 SECONDS VISIT HTTPS://MYMEMORY.TRANSLATED.NET/DOC/USAGELIMITS.PHP TO TRANSLATE MORE"
"12","110","docs.conda.io","https://docs.conda.io/projects/conda/en/latest/user-guide/install/linux.html","Installing on Linux — conda 22.11.0.post3+dbefa8f3c documentation","Installing on Linux — conda 22.11.0.post3+dbefa8f3c documentation"
"12","111","www.cloudlinux.com","https://www.cloudlinux.com/","CloudLinux: Front page","CloudLinux: Front page"
"12","112","www.linuxtoday.com","https://www.linuxtoday.com/","Linux Today: Linux News, Tutorials & Guides for 2022","MYMEMORY WARNING: YOU USED ALL AVAILABLE FREE TRANSLATIONS FOR TODAY. NEXT AVAILABLE IN  00 HOURS 17 MINUTES 20 SECONDS VISIT HTTPS://MYMEMORY.TRANSLATED.NET/DOC/USAGELIMITS.PHP TO TRANSLATE MORE"
"12","113","www.omglinux.com","https://www.omglinux.com/pinebuds-pro-available-to-buy/","The PineBuds Pro Are Now Available to Buy for $69 - OMG! Linux","MYMEMORY WARNING: YOU USED ALL AVAILABLE FREE TRANSLATIONS FOR TODAY. NEXT AVAILABLE IN  00 HOURS 17 MINUTES 18 SECONDS VISIT HTTPS://MYMEMORY.TRANSLATED.NET/DOC/USAGELIMITS.PHP TO TRANSLATE MORE"
"12","114","docs.nvidia.com","https://docs.nvidia.com/cuda/cuda-installation-guide-linux/index.html","Installation Guide Linux :: CUDA Toolkit Documentation","MYMEMORY WARNING: YOU USED ALL AVAILABLE FREE TRANSLATIONS FOR TODAY. NEXT AVAILABLE IN  00 HOURS 17 MINUTES 17 SECONDS VISIT HTTPS://MYMEMORY.TRANSLATED.NET/DOC/USAGELIMITS.PHP TO TRANSLATE MORE"
"13","115","www.linuxquestions.org","https://www.linuxquestions.org/","LinuxQuestions.org","MYMEMORY WARNING: YOU USED ALL AVAILABLE FREE TRANSLATIONS FOR TODAY. NEXT AVAILABLE IN  00 HOURS 17 MINUTES 15 SECONDS VISIT HTTPS://MYMEMORY.TRANSLATED.NET/DOC/USAGELIMITS.PHP TO TRANSLATE MORE"
"13","116","www.linode.com","https://www.linode.com/","Linode: Cloud Computing & Linux Servers | Alternative to AWS","Linode: Cloud Computing & Linux Servers | Alternative to AWS"
"13","117","antixlinux.com","https://antixlinux.com/","antiX Linux – Proudly anti-fascist ""antiX Magic"" in an environment ...","antiX Linux – Proudly anti-fascist ""antiX Magic"" in an environment ..."
"13","118","www.digitalocean.com","https://www.digitalocean.com/community/tutorials/linux-commands","Top 50+ Linux Commands You MUST Know - DigitalOcean","Top 50+ Linux Commands You MUST Know - DigitalOcean"
"13","119","voidlinux.org","https://voidlinux.org/","Void Linux","MYMEMORY WARNING: YOU USED ALL AVAILABLE FREE TRANSLATIONS FOR TODAY. NEXT AVAILABLE IN  00 HOURS 17 MINUTES 08 SECONDS VISIT HTTPS://MYMEMORY.TRANSLATED.NET/DOC/USAGELIMITS.PHP TO TRANSLATE MORE"
"13","120","www.javatpoint.com","https://www.javatpoint.com/what-is-linux","What is Linux - Javatpoint","MYMEMORY WARNING: YOU USED ALL AVAILABLE FREE TRANSLATIONS FOR TODAY. NEXT AVAILABLE IN  00 HOURS 17 MINUTES 07 SECONDS VISIT HTTPS://MYMEMORY.TRANSLATED.NET/DOC/USAGELIMITS.PHP TO TRANSLATE MORE"
"13","121","news.uhb.ac.id","https://news.uhb.ac.id/id/posts/berkenalan-dengan-linux/","Berkenalan dengan Linux - UHB News","MYMEMORY WARNING: YOU USED ALL AVAILABLE FREE TRANSLATIONS FOR TODAY. NEXT AVAILABLE IN  00 HOURS 17 MINUTES 06 SECONDS VISIT HTTPS://MYMEMORY.TRANSLATED.NET/DOC/USAGELIMITS.PHP TO TRANSLATE MORE"
"13","122","linux.die.net","https://linux.die.net/","Linux Documentation","MYMEMORY WARNING: YOU USED ALL AVAILABLE FREE TRANSLATIONS FOR TODAY. NEXT AVAILABLE IN  00 HOURS 17 MINUTES 04 SECONDS VISIT HTTPS://MYMEMORY.TRANSLATED.NET/DOC/USAGELIMITS.PHP TO TRANSLATE MORE"
"13","123","snapcraft.io","https://snapcraft.io/","Snapcraft - Snaps are universal Linux packages","MYMEMORY WARNING: YOU USED ALL AVAILABLE FREE TRANSLATIONS FOR TODAY. NEXT AVAILABLE IN  00 HOURS 17 MINUTES 03 SECONDS VISIT HTTPS://MYMEMORY.TRANSLATED.NET/DOC/USAGELIMITS.PHP TO TRANSLATE MORE"
"13","124","tif.uin-suska.ac.id","https://tif.uin-suska.ac.id/mari-belajar-linux/","Mari Belajar Linux ! - - Teknik Informatika - UIN Suska Riau","Let's Learn Linux ! - - Informatics Engineering - UIN Suska Riau"
"14","125","www.openhab.org","https://www.openhab.org/docs/installation/linux.html","openHAB on Linux","MYMEMORY WARNING: YOU USED ALL AVAILABLE FREE TRANSLATIONS FOR TODAY. NEXT AVAILABLE IN  00 HOURS 17 MINUTES 00 SECONDS VISIT HTTPS://MYMEMORY.TRANSLATED.NET/DOC/USAGELIMITS.PHP TO TRANSLATE MORE"
"14","126","p2k.utn.ac.id","https://p2k.utn.ac.id/ind/2-3077-2966/Linux-Kernel_242928_utn_p2k-utn.html","Linux kernel - UTN Bogor","Linux kernel - UTN Bogor"
"14","127","www.java.com","https://www.java.com/en/download/help/linux_x64_install.html","Linux 64-bit installation instructions for Java","MYMEMORY WARNING: YOU USED ALL AVAILABLE FREE TRANSLATIONS FOR TODAY. NEXT AVAILABLE IN  00 HOURS 16 MINUTES 56 SECONDS VISIT HTTPS://MYMEMORY.TRANSLATED.NET/DOC/USAGELIMITS.PHP TO TRANSLATE MORE"
"14","128","inet.detik.com","https://inet.detik.com/consumer/d-5951100/riset-linux-lebih-aman-dari-windows-dan-macos","Riset: Linux Lebih Aman dari Windows dan macOS - detikInet","MYMEMORY WARNING: YOU USED ALL AVAILABLE FREE TRANSLATIONS FOR TODAY. NEXT AVAILABLE IN  00 HOURS 16 MINUTES 54 SECONDS VISIT HTTPS://MYMEMORY.TRANSLATED.NET/DOC/USAGELIMITS.PHP TO TRANSLATE MORE"
"14","129","www.digitalocean.com","https://www.digitalocean.com/community/tutorials/linux-commands","Top 50+ Linux Commands You MUST Know - DigitalOcean","MYMEMORY WARNING: YOU USED ALL AVAILABLE FREE TRANSLATIONS FOR TODAY. NEXT AVAILABLE IN  00 HOURS 16 MINUTES 52 SECONDS VISIT HTTPS://MYMEMORY.TRANSLATED.NET/DOC/USAGELIMITS.PHP TO TRANSLATE MORE"
"14","130","news.uhb.ac.id","https://news.uhb.ac.id/id/posts/berkenalan-dengan-linux/","Berkenalan dengan Linux - UHB News","MYMEMORY WARNING: YOU USED ALL AVAILABLE FREE TRANSLATIONS FOR TODAY. NEXT AVAILABLE IN  00 HOURS 16 MINUTES 51 SECONDS VISIT HTTPS://MYMEMORY.TRANSLATED.NET/DOC/USAGELIMITS.PHP TO TRANSLATE MORE"
"14","131","www.turnkeylinux.org","https://www.turnkeylinux.org/","TurnKey GNU/Linux | 100+ free ready-to-use system images for ...","MYMEMORY WARNING: YOU USED ALL AVAILABLE FREE TRANSLATIONS FOR TODAY. NEXT AVAILABLE IN  00 HOURS 16 MINUTES 50 SECONDS VISIT HTTPS://MYMEMORY.TRANSLATED.NET/DOC/USAGELIMITS.PHP TO TRANSLATE MORE"
"14","132","www.udemy.com","https://www.udemy.com/topic/linux/","Top Linux Courses Online - Updated [December 2022] | Udemy","Top Linux Courses Online - Updated [December 2022] | Udemy"
"14","133","www.networkworld.com","https://www.networkworld.com/category/linux/","Linux news, trend analysis and opinion | Network World","Linux news, trend analysis and opinion | Network World"
"14","134","www.pilarteknotama.co.id","https://www.pilarteknotama.co.id/apa-itu-linux/","Apa itu linux? - Lembaga Training, Pelatihan Yogyakarta","What is linux? - Training Institute, Yogyakarta Training"
"15","135","www.digitalocean.com","https://www.digitalocean.com/community/tutorials/linux-commands","Top 50+ Linux Commands You MUST Know - DigitalOcean","MYMEMORY WARNING: YOU USED ALL AVAILABLE FREE TRANSLATIONS FOR TODAY. NEXT AVAILABLE IN  00 HOURS 16 MINUTES 44 SECONDS VISIT HTTPS://MYMEMORY.TRANSLATED.NET/DOC/USAGELIMITS.PHP TO TRANSLATE MORE"
"15","136","voidlinux.org","https://voidlinux.org/","Void Linux","MYMEMORY WARNING: YOU USED ALL AVAILABLE FREE TRANSLATIONS FOR TODAY. NEXT AVAILABLE IN  00 HOURS 16 MINUTES 42 SECONDS VISIT HTTPS://MYMEMORY.TRANSLATED.NET/DOC/USAGELIMITS.PHP TO TRANSLATE MORE"
"15","137","www.javatpoint.com","https://www.javatpoint.com/what-is-linux","What is Linux - Javatpoint","What is Linux - Javatpoint"
"15","138","www.javatpoint.com","https://www.javatpoint.com/linux-tutorial","Linux/Unix Tutorial - Javatpoint","Linux/Unix Tutorial - Javatpoint"
"15","139","linux.die.net","https://linux.die.net/","Linux Documentation","MYMEMORY WARNING: YOU USED ALL AVAILABLE FREE TRANSLATIONS FOR TODAY. NEXT AVAILABLE IN  00 HOURS 16 MINUTES 37 SECONDS VISIT HTTPS://MYMEMORY.TRANSLATED.NET/DOC/USAGELIMITS.PHP TO TRANSLATE MORE"
"15","140","www.teamviewer.com","https://www.teamviewer.com/en-us/download/linux/","TeamViewer Linux Download for Remote Desktop access and ...","MYMEMORY WARNING: YOU USED ALL AVAILABLE FREE TRANSLATIONS FOR TODAY. NEXT AVAILABLE IN  00 HOURS 16 MINUTES 34 SECONDS VISIT HTTPS://MYMEMORY.TRANSLATED.NET/DOC/USAGELIMITS.PHP TO TRANSLATE MORE"
"15","141","bellard.org","https://bellard.org/jslinux/","JSLinux - Fabrice Bellard","JSLinux - Fabrice Bellard"
"15","142","hackaday.com","https://hackaday.com/2022/12/01/using-i%25C2%25B2c-sensors-with-any-linux-via-usb-and-iio/","Using I²C Sensors With Any Linux Via USB And IIO - Hackaday","MYMEMORY WARNING: YOU USED ALL AVAILABLE FREE TRANSLATIONS FOR TODAY. NEXT AVAILABLE IN  00 HOURS 16 MINUTES 31 SECONDS VISIT HTTPS://MYMEMORY.TRANSLATED.NET/DOC/USAGELIMITS.PHP TO TRANSLATE MORE"
"15","143","www.republika.co.id","https://www.republika.co.id/berita/riv207370/linux-60-segera-tersedia-bagi-pengguna","Linux 6.0 Segera Tersedia Bagi Pengguna | Republika Online","MYMEMORY WARNING: YOU USED ALL AVAILABLE FREE TRANSLATIONS FOR TODAY. NEXT AVAILABLE IN  00 HOURS 16 MINUTES 29 SECONDS VISIT HTTPS://MYMEMORY.TRANSLATED.NET/DOC/USAGELIMITS.PHP TO TRANSLATE MORE"
"15","144","docs.gitlab.com","https://docs.gitlab.com/runner/install/linux-manually.html","Install GitLab Runner manually on GNU/Linux","Install GitLab Runner manually on GNU/Linux"
"16","145","canonical.com","https://canonical.com/","Canonical: Publisher of Ubuntu","MYMEMORY WARNING: YOU USED ALL AVAILABLE FREE TRANSLATIONS FOR TODAY. NEXT AVAILABLE IN  00 HOURS 16 MINUTES 26 SECONDS VISIT HTTPS://MYMEMORY.TRANSLATED.NET/DOC/USAGELIMITS.PHP TO TRANSLATE MORE"
"16","146","radarsurabaya.jawapos.com","https://radarsurabaya.jawapos.com/tekno-oto/29/12/2021/mengenal-jenis-jenis-linux-dan-keunggulannya/","Mengenal Jenis-Jenis Linux dan Keunggulannya - Radar Surabaya","MYMEMORY WARNING: YOU USED ALL AVAILABLE FREE TRANSLATIONS FOR TODAY. NEXT AVAILABLE IN  00 HOURS 16 MINUTES 25 SECONDS VISIT HTTPS://MYMEMORY.TRANSLATED.NET/DOC/USAGELIMITS.PHP TO TRANSLATE MORE"
"16","147","linuxcommand.org","https://linuxcommand.org/","LinuxCommand.org: Learn The Linux Command Line. Write Shell ...","LinuxCommand.org: Learn The Linux Command Line. Write Shell..."
"16","148","www.jetbrains.com","https://www.jetbrains.com/pycharm/download/","Download PyCharm: Python IDE for Professional Developers by ...","Download PyCharm: Python IDE for Professional Developers by ..."
"16","149","termius.com","https://termius.com/linux","Termius for Linux | Download","MYMEMORY WARNING: YOU USED ALL AVAILABLE FREE TRANSLATIONS FOR TODAY. NEXT AVAILABLE IN  00 HOURS 16 MINUTES 20 SECONDS VISIT HTTPS://MYMEMORY.TRANSLATED.NET/DOC/USAGELIMITS.PHP TO TRANSLATE MORE"
"16","150","www.computerhope.com","https://www.computerhope.com/jargon/l/linux.htm","What is Linux? - Computer Hope","MYMEMORY WARNING: YOU USED ALL AVAILABLE FREE TRANSLATIONS FOR TODAY. NEXT AVAILABLE IN  00 HOURS 16 MINUTES 19 SECONDS VISIT HTTPS://MYMEMORY.TRANSLATED.NET/DOC/USAGELIMITS.PHP TO TRANSLATE MORE"
"16","151","store.steampowered.com","https://store.steampowered.com/linux","SteamOS + Linux Titles","MYMEMORY WARNING: YOU USED ALL AVAILABLE FREE TRANSLATIONS FOR TODAY. NEXT AVAILABLE IN  00 HOURS 16 MINUTES 18 SECONDS VISIT HTTPS://MYMEMORY.TRANSLATED.NET/DOC/USAGELIMITS.PHP TO TRANSLATE MORE"
"16","152","www.yoctoproject.org","https://www.yoctoproject.org/","Yocto Project – It's not an embedded Linux distribution – it creates a ...","MYMEMORY WARNING: YOU USED ALL AVAILABLE FREE TRANSLATIONS FOR TODAY. NEXT AVAILABLE IN  00 HOURS 16 MINUTES 17 SECONDS VISIT HTTPS://MYMEMORY.TRANSLATED.NET/DOC/USAGELIMITS.PHP TO TRANSLATE MORE"
"16","153","attack.mitre.org","https://attack.mitre.org/matrices/enterprise/linux/","Linux Matrix - MITRE ATT&CK®","MYMEMORY WARNING: YOU USED ALL AVAILABLE FREE TRANSLATIONS FOR TODAY. NEXT AVAILABLE IN  00 HOURS 16 MINUTES 15 SECONDS VISIT HTTPS://MYMEMORY.TRANSLATED.NET/DOC/USAGELIMITS.PHP TO TRANSLATE MORE"
"16","154","linuxhandbook.com","https://linuxhandbook.com/","Linux Handbook","MYMEMORY WARNING: YOU USED ALL AVAILABLE FREE TRANSLATIONS FOR TODAY. NEXT AVAILABLE IN  00 HOURS 16 MINUTES 14 SECONDS VISIT HTTPS://MYMEMORY.TRANSLATED.NET/DOC/USAGELIMITS.PHP TO TRANSLATE MORE"
"17","155","linux.web.cern.ch","https://linux.web.cern.ch/","Linux @ CERN","MYMEMORY WARNING: YOU USED ALL AVAILABLE FREE TRANSLATIONS FOR TODAY. NEXT AVAILABLE IN  00 HOURS 16 MINUTES 13 SECONDS VISIT HTTPS://MYMEMORY.TRANSLATED.NET/DOC/USAGELIMITS.PHP TO TRANSLATE MORE"
"17","156","www.techtarget.com","https://www.techtarget.com/searchdatacenter/definition/Linux-operating-system","What is the Linux operating system? - TechTarget","MYMEMORY WARNING: YOU USED ALL AVAILABLE FREE TRANSLATIONS FOR TODAY. NEXT AVAILABLE IN  00 HOURS 16 MINUTES 11 SECONDS VISIT HTTPS://MYMEMORY.TRANSLATED.NET/DOC/USAGELIMITS.PHP TO TRANSLATE MORE"
"17","157","linuxcommand.org","https://linuxcommand.org/","LinuxCommand.org: Learn The Linux Command Line. Write Shell ...","LinuxCommand.org: Learn The Linux Command Line. Write Shell..."
"17","158","www.raspberrypi.com","https://www.raspberrypi.com/documentation/computers/getting-started.html","Raspberry Pi Documentation - Getting started","Raspberry Pi Documentation - Getting started"
"17","159","www.yoctoproject.org","https://www.yoctoproject.org/","Yocto Project – It's not an embedded Linux distribution – it creates a ...","MYMEMORY WARNING: YOU USED ALL AVAILABLE FREE TRANSLATIONS FOR TODAY. NEXT AVAILABLE IN  00 HOURS 16 MINUTES 07 SECONDS VISIT HTTPS://MYMEMORY.TRANSLATED.NET/DOC/USAGELIMITS.PHP TO TRANSLATE MORE"
"17","160","termius.com","https://termius.com/linux","Termius for Linux | Download","Termius for Linux | Download"
"17","161","tails.boum.org","https://tails.boum.org/","Tails","MYMEMORY WARNING: YOU USED ALL AVAILABLE FREE TRANSLATIONS FOR TODAY. NEXT AVAILABLE IN  00 HOURS 16 MINUTES 04 SECONDS VISIT HTTPS://MYMEMORY.TRANSLATED.NET/DOC/USAGELIMITS.PHP TO TRANSLATE MORE"
"17","162","www.computerhope.com","https://www.computerhope.com/jargon/l/linux.htm","What is Linux? - Computer Hope","MYMEMORY WARNING: YOU USED ALL AVAILABLE FREE TRANSLATIONS FOR TODAY. NEXT AVAILABLE IN  00 HOURS 16 MINUTES 02 SECONDS VISIT HTTPS://MYMEMORY.TRANSLATED.NET/DOC/USAGELIMITS.PHP TO TRANSLATE MORE"
"17","163","kumparan.com","https://kumparan.com/how-to-tekno/sejarah-linux-bagaimana-perkembangannya-hingga-sekarang-1xZdhFfucQ6","Sejarah Linux, Bagaimana Perkembangannya hingga Sekarang?","History of Linux, How Has It Developed until Now?"
"17","164","www.linux-apps.com","https://www.linux-apps.com/","linux-apps.com","MYMEMORY WARNING: YOU USED ALL AVAILABLE FREE TRANSLATIONS FOR TODAY. NEXT AVAILABLE IN  00 HOURS 15 MINUTES 59 SECONDS VISIT HTTPS://MYMEMORY.TRANSLATED.NET/DOC/USAGELIMITS.PHP TO TRANSLATE MORE"
"18","165","www.gamingonlinux.com","https://www.gamingonlinux.com/","GamingOnLinux: Linux, SteamOS, Steam Deck gaming","MYMEMORY WARNING: YOU USED ALL AVAILABLE FREE TRANSLATIONS FOR TODAY. NEXT AVAILABLE IN  00 HOURS 15 MINUTES 57 SECONDS VISIT HTTPS://MYMEMORY.TRANSLATED.NET/DOC/USAGELIMITS.PHP TO TRANSLATE MORE"
"18","166","www.dell.com","https://www.dell.com/en-us/lp/linux-systems","Linux Workstations, Laptops, and Desktops | Dell USA","MYMEMORY WARNING: YOU USED ALL AVAILABLE FREE TRANSLATIONS FOR TODAY. NEXT AVAILABLE IN  00 HOURS 15 MINUTES 56 SECONDS VISIT HTTPS://MYMEMORY.TRANSLATED.NET/DOC/USAGELIMITS.PHP TO TRANSLATE MORE"
"18","167","radarsurabaya.jawapos.com","https://radarsurabaya.jawapos.com/tekno-oto/29/12/2021/mengenal-jenis-jenis-linux-dan-keunggulannya/","Mengenal Jenis-Jenis Linux dan Keunggulannya - Radar Surabaya","MYMEMORY WARNING: YOU USED ALL AVAILABLE FREE TRANSLATIONS FOR TODAY. NEXT AVAILABLE IN  00 HOURS 15 MINUTES 55 SECONDS VISIT HTTPS://MYMEMORY.TRANSLATED.NET/DOC/USAGELIMITS.PHP TO TRANSLATE MORE"
"18","168","ryanstutorials.net","https://ryanstutorials.net/linuxtutorial/","Learn Linux and the Bash Command Line - Ryan's Tutorials","Learn Linux and the Bash Command Line - Ryan's Tutorials"
"18","169","kubuntu.org","https://kubuntu.org/","Kubuntu | Friendly Computing","MYMEMORY WARNING: YOU USED ALL AVAILABLE FREE TRANSLATIONS FOR TODAY. NEXT AVAILABLE IN  00 HOURS 15 MINUTES 50 SECONDS VISIT HTTPS://MYMEMORY.TRANSLATED.NET/DOC/USAGELIMITS.PHP TO TRANSLATE MORE"
"18","170","www.xda-developers.com","https://www.xda-developers.com/install-adb-windows-macos-linux/","How to install ADB on Windows, macOS, and Linux - XDA Developers","How to install ADB on Windows, macOS, and Linux - XDA Developers"
"18","171","www.gimp.org","https://www.gimp.org/downloads/","Downloads - GIMP","Downloads - GIMP"
"18","172","linux.org.au","https://linux.org.au/","Linux Australia: Home","Linux Australia: Home"
"18","173","www.omgubuntu.co.uk","https://www.omgubuntu.co.uk/2022/12/cameractrls-webcam-settings-app-for-linux","Cameractrls is a Neat Webcam Settings App for Linux - OMG! Ubuntu!","Cameractrls is a Neat Webcam Settings App for Linux - OMG! Ubuntu!"
"18","174","chromeos.dev","https://chromeos.dev/en/linux","Linux on ChromeOS","MYMEMORY WARNING: YOU USED ALL AVAILABLE FREE TRANSLATIONS FOR TODAY. NEXT AVAILABLE IN  00 HOURS 15 MINUTES 41 SECONDS VISIT HTTPS://MYMEMORY.TRANSLATED.NET/DOC/USAGELIMITS.PHP TO TRANSLATE MORE"
"19","175","alsa-project.org","https://alsa-project.org/","AlsaProject","AlsaProject"
"19","176","salamadian.com","https://salamadian.com/pengertian-linux/","PENGERTIAN LINUX: Sejarah, Kelebihan & Macam Macam Contoh","MYMEMORY WARNING: YOU USED ALL AVAILABLE FREE TRANSLATIONS FOR TODAY. NEXT AVAILABLE IN  00 HOURS 15 MINUTES 38 SECONDS VISIT HTTPS://MYMEMORY.TRANSLATED.NET/DOC/USAGELIMITS.PHP TO TRANSLATE MORE"
"19","177","chromeos.dev","https://chromeos.dev/en/linux","Linux on ChromeOS","Linux on ChromeOS"
"19","178","kubernetes.io","https://kubernetes.io/docs/tasks/tools/install-kubectl-linux/","Install and Set Up kubectl on Linux - Kubernetes","MYMEMORY WARNING: YOU USED ALL AVAILABLE FREE TRANSLATIONS FOR TODAY. NEXT AVAILABLE IN  00 HOURS 15 MINUTES 35 SECONDS VISIT HTTPS://MYMEMORY.TRANSLATED.NET/DOC/USAGELIMITS.PHP TO TRANSLATE MORE"
"19","179","linux.org.au","https://linux.org.au/","Linux Australia: Home","MYMEMORY WARNING: YOU USED ALL AVAILABLE FREE TRANSLATIONS FOR TODAY. NEXT AVAILABLE IN  00 HOURS 15 MINUTES 33 SECONDS VISIT HTTPS://MYMEMORY.TRANSLATED.NET/DOC/USAGELIMITS.PHP TO TRANSLATE MORE"
"19","180","elinux.org","https://elinux.org/Main_Page","eLinux.org","MYMEMORY WARNING: YOU USED ALL AVAILABLE FREE TRANSLATIONS FOR TODAY. NEXT AVAILABLE IN  00 HOURS 15 MINUTES 31 SECONDS VISIT HTTPS://MYMEMORY.TRANSLATED.NET/DOC/USAGELIMITS.PHP TO TRANSLATE MORE"
"19","181","www.dell.com","https://www.dell.com/en-us/lp/linux-systems","Linux Workstations, Laptops, and Desktops | Dell USA","Linux Workstations, Laptops, and Desktops | Dell USA"
"19","182","www.cyberciti.biz","https://www.cyberciti.biz/tips/linux-security.html","40 Linux Server Hardening Security Tips [2022 edition] - nixCraft","MYMEMORY WARNING: YOU USED ALL AVAILABLE FREE TRANSLATIONS FOR TODAY. NEXT AVAILABLE IN  00 HOURS 15 MINUTES 29 SECONDS VISIT HTTPS://MYMEMORY.TRANSLATED.NET/DOC/USAGELIMITS.PHP TO TRANSLATE MORE"
"19","183","flathub.org","https://flathub.org/apps/details/org.gimp.GIMP","GNU Image Manipulation Program—Linux Apps on Flathub","MYMEMORY WARNING: YOU USED ALL AVAILABLE FREE TRANSLATIONS FOR TODAY. NEXT AVAILABLE IN  00 HOURS 15 MINUTES 27 SECONDS VISIT HTTPS://MYMEMORY.TRANSLATED.NET/DOC/USAGELIMITS.PHP TO TRANSLATE MORE"
"19","184","xubuntu.org","https://xubuntu.org/","Xubuntu","MYMEMORY WARNING: YOU USED ALL AVAILABLE FREE TRANSLATIONS FOR TODAY. NEXT AVAILABLE IN  00 HOURS 15 MINUTES 26 SECONDS VISIT HTTPS://MYMEMORY.TRANSLATED.NET/DOC/USAGELIMITS.PHP TO TRANSLATE MORE"
"20","185","www.lumpiastudio.com","https://www.lumpiastudio.com/linux-mint-20-2-rilis-dan-fitur-barunya/","Linux Mint 20.2 Rilis dan Fitur Barunya - Lumpia Studio","Linux Mint 20.2 Release and Its New Features - Lumpia Studio"
"20","186","www.centerklik.com","https://www.centerklik.com/linux-adalah-os/","Linux adalah? Menjelaskan Segala Hal Tentang OS Linux - Centerklik","MYMEMORY WARNING: YOU USED ALL AVAILABLE FREE TRANSLATIONS FOR TODAY. NEXT AVAILABLE IN  00 HOURS 15 MINUTES 23 SECONDS VISIT HTTPS://MYMEMORY.TRANSLATED.NET/DOC/USAGELIMITS.PHP TO TRANSLATE MORE"
"20","187","www.liputan6.com","https://www.liputan6.com/tekno/read/3877666/kelebihan-dan-kekurangan-linux-dibanding-windows-yang-wajib-diketahui","Kelebihan dan Kekurangan Linux dibanding Windows yang Wajib ...","MYMEMORY WARNING: YOU USED ALL AVAILABLE FREE TRANSLATIONS FOR TODAY. NEXT AVAILABLE IN  00 HOURS 15 MINUTES 21 SECONDS VISIT HTTPS://MYMEMORY.TRANSLATED.NET/DOC/USAGELIMITS.PHP TO TRANSLATE MORE"
"20","188","www.nesabamedia.com","https://www.nesabamedia.com/docs/l/linux/","Apa itu Linux? Beserta Cara Kerja dan Distro Linux - Nesabamedia","MYMEMORY WARNING: YOU USED ALL AVAILABLE FREE TRANSLATIONS FOR TODAY. NEXT AVAILABLE IN  00 HOURS 15 MINUTES 20 SECONDS VISIT HTTPS://MYMEMORY.TRANSLATED.NET/DOC/USAGELIMITS.PHP TO TRANSLATE MORE"
"20","189","polindo.ac.id","https://polindo.ac.id/applicatlon/akademi/apa-yang-dimaksud-sistem-operasi-linux3026.php","Apa yang dimaksud sistem operasi linux - Politeknik Indonesia","What is a linux operating system - Politeknik Indonesia"
"20","190","www.opensourceforu.com","https://www.opensourceforu.com/2020/03/reasons-to-use-linux/","Ten reasons why we should use Linux - Open Source For You","Ten reasons why we should use Linux - Open Source For You"
"20","191","jawabanapapun.com","https://jawabanapapun.com/apa-itu-linux-dan-fungsinya/","Apa itu Linux dan fungsinya? - JawabanApapun.com","What is Linux and its functions? - JawabanApapun.com"
"20","192","androbuntu.com","https://androbuntu.com/pengertian-linux/","Apa Itu Linux? Ini Dia Pengertian Serta Kelebihan Dan ... - Androbuntu","What Is Linux? Here Are The Understandings As Well As The Advantages And ... - Androbuntu"
"20","193","kinsta.com","https://kinsta.com/blog/linux-commands/","The 40 Most-Used Linux Commands You Should Know - Kinsta","The 40 Most-Used Linux Commands You Should Know - Kinsta"
"20","194","play.google.com","https://play.google.com/store/apps/details%3Fid%3Dru.meefik.linuxdeploy%26hl%3Den_US%26gl%3DUS","Linux Deploy - Apps on Google Play","MYMEMORY WARNING: YOU USED ALL AVAILABLE FREE TRANSLATIONS FOR TODAY. NEXT AVAILABLE IN  00 HOURS 15 MINUTES 10 SECONDS VISIT HTTPS://MYMEMORY.TRANSLATED.NET/DOC/USAGELIMITS.PHP TO TRANSLATE MORE"
"21","195","www.centerklik.com","https://www.centerklik.com/linux-adalah-os/","Linux adalah? Menjelaskan Segala Hal Tentang OS Linux - Centerklik","MYMEMORY WARNING: YOU USED ALL AVAILABLE FREE TRANSLATIONS FOR TODAY. NEXT AVAILABLE IN  00 HOURS 15 MINUTES 09 SECONDS VISIT HTTPS://MYMEMORY.TRANSLATED.NET/DOC/USAGELIMITS.PHP TO TRANSLATE MORE"
"21","196","www.nesabamedia.com","https://www.nesabamedia.com/docs/l/linux/","Apa itu Linux? Beserta Cara Kerja dan Distro Linux - Nesabamedia","MYMEMORY WARNING: YOU USED ALL AVAILABLE FREE TRANSLATIONS FOR TODAY. NEXT AVAILABLE IN  00 HOURS 15 MINUTES 07 SECONDS VISIT HTTPS://MYMEMORY.TRANSLATED.NET/DOC/USAGELIMITS.PHP TO TRANSLATE MORE"
"21","197","polindo.ac.id","https://polindo.ac.id/applicatlon/akademi/apa-yang-dimaksud-sistem-operasi-linux3026.php","Apa yang dimaksud sistem operasi linux - Politeknik Indonesia","MYMEMORY WARNING: YOU USED ALL AVAILABLE FREE TRANSLATIONS FOR TODAY. NEXT AVAILABLE IN  00 HOURS 15 MINUTES 05 SECONDS VISIT HTTPS://MYMEMORY.TRANSLATED.NET/DOC/USAGELIMITS.PHP TO TRANSLATE MORE"
"21","198","www.opensourceforu.com","https://www.opensourceforu.com/2020/03/reasons-to-use-linux/","Ten reasons why we should use Linux - Open Source For You","MYMEMORY WARNING: YOU USED ALL AVAILABLE FREE TRANSLATIONS FOR TODAY. NEXT AVAILABLE IN  00 HOURS 15 MINUTES 04 SECONDS VISIT HTTPS://MYMEMORY.TRANSLATED.NET/DOC/USAGELIMITS.PHP TO TRANSLATE MORE"
"21","199","jawabanapapun.com","https://jawabanapapun.com/apa-itu-linux-dan-fungsinya/","Apa itu Linux dan fungsinya? - JawabanApapun.com","MYMEMORY WARNING: YOU USED ALL AVAILABLE FREE TRANSLATIONS FOR TODAY. NEXT AVAILABLE IN  00 HOURS 15 MINUTES 03 SECONDS VISIT HTTPS://MYMEMORY.TRANSLATED.NET/DOC/USAGELIMITS.PHP TO TRANSLATE MORE"
"21","200","androbuntu.com","https://androbuntu.com/pengertian-linux/","Apa Itu Linux? Ini Dia Pengertian Serta Kelebihan Dan ... - Androbuntu","What Is Linux? Here Are The Understandings As Well As The Advantages And ... - Androbuntu"
"21","201","www.educhannel.id","https://www.educhannel.id/blog/artikel/sejarah-linux-bagian-1.html","Sejarah Linux Bagian 1 - EduChannel Indonesia","MYMEMORY WARNING: YOU USED ALL AVAILABLE FREE TRANSLATIONS FOR TODAY. NEXT AVAILABLE IN  00 HOURS 15 MINUTES 00 SECONDS VISIT HTTPS://MYMEMORY.TRANSLATED.NET/DOC/USAGELIMITS.PHP TO TRANSLATE MORE"
"21","202","lms.onnocenter.or.id","https://lms.onnocenter.or.id/wiki/index.php/OS:_Linux_Buatan_Indonesia","OS: Linux Buatan Indonesia - OnnoWiki","OS: Linux Made in Indonesia - OnnoWiki"
"21","203","mahasiswa.ung.ac.id","https://mahasiswa.ung.ac.id/531413154/home/2013/11/21/unix-beserta-arsitekturnya-dan-distro-linux.html","UNIX beserta ARSITEKTURNYA dan DISTRO LINUX MINT","UNIX and its ARCHITECTURE and MINT LINUX DISTRO"
"21","204","sevenmediatech.co.id","https://sevenmediatech.co.id/blog/view/web-developer-pilih-windows-atau-linux","Web Developer Pilih Windows atau Linux","Web Developer Choose Windows or Linux"
"22","205","inet.detik.com","https://inet.detik.com/consumer/d-5951100/riset-linux-lebih-aman-dari-windows-dan-macos","Riset: Linux Lebih Aman dari Windows dan macOS - detikInet","MYMEMORY WARNING: YOU USED ALL AVAILABLE FREE TRANSLATIONS FOR TODAY. NEXT AVAILABLE IN  00 HOURS 14 MINUTES 54 SECONDS VISIT HTTPS://MYMEMORY.TRANSLATED.NET/DOC/USAGELIMITS.PHP TO TRANSLATE MORE"
"22","206","www.getgnulinux.org","https://www.getgnulinux.org/linux","What is GNU/Linux?","What is GNU/Linux?"
"22","207","www.forbes.com","https://www.forbes.com/sites/jasonevangelho/2021/01/18/this-new-linux-os-sure-looks-like-it-was-designed-by-apple/","This New Linux OS Sure Looks Like It Was Designed By Apple","This New Linux OS Sure Looks Like It Was Designed By Apple"
"22","208","maker.pro","https://maker.pro/linux/tutorial/basic-linux-commands-for-beginners","Basic Linux Commands for Beginners - Maker Pro","MYMEMORY WARNING: YOU USED ALL AVAILABLE FREE TRANSLATIONS FOR TODAY. NEXT AVAILABLE IN  00 HOURS 14 MINUTES 49 SECONDS VISIT HTTPS://MYMEMORY.TRANSLATED.NET/DOC/USAGELIMITS.PHP TO TRANSLATE MORE"
"22","209","thehackernews.com","https://thehackernews.com/2022/07/researchers-warn-of-new-orbit-linux.html","Researchers Warn of New OrBit Linux Malware That Hijacks ...","MYMEMORY WARNING: YOU USED ALL AVAILABLE FREE TRANSLATIONS FOR TODAY. NEXT AVAILABLE IN  00 HOURS 14 MINUTES 47 SECONDS VISIT HTTPS://MYMEMORY.TRANSLATED.NET/DOC/USAGELIMITS.PHP TO TRANSLATE MORE"
"22","210","id.ccm.net","https://id.ccm.net/download/sistem-operasi-7/linux/","Sistem Operasi (Linux) - Download - CCM","MYMEMORY WARNING: YOU USED ALL AVAILABLE FREE TRANSLATIONS FOR TODAY. NEXT AVAILABLE IN  00 HOURS 14 MINUTES 46 SECONDS VISIT HTTPS://MYMEMORY.TRANSLATED.NET/DOC/USAGELIMITS.PHP TO TRANSLATE MORE"
"22","211","commons.wikimedia.org","https://commons.wikimedia.org/wiki/File:Linux_Mint_20.3_(Una)_Cinnamon.png","File:Linux Mint 20.3 (Una) Cinnamon.png - Wikimedia Commons","MYMEMORY WARNING: YOU USED ALL AVAILABLE FREE TRANSLATIONS FOR TODAY. NEXT AVAILABLE IN  00 HOURS 14 MINUTES 45 SECONDS VISIT HTTPS://MYMEMORY.TRANSLATED.NET/DOC/USAGELIMITS.PHP TO TRANSLATE MORE"
"22","212","www.linuxadictos.com","https://www.linuxadictos.com/en/linux-mint-20-3-can-now-be-downloaded-with-linux-5-4-and-based-on-ubuntu-20-04-5.html","Linux Mint 20.3 now available, with Linux 5.4 and based on Ubuntu ...","MYMEMORY WARNING: YOU USED ALL AVAILABLE FREE TRANSLATIONS FOR TODAY. NEXT AVAILABLE IN  00 HOURS 14 MINUTES 43 SECONDS VISIT HTTPS://MYMEMORY.TRANSLATED.NET/DOC/USAGELIMITS.PHP TO TRANSLATE MORE"
"22","213","www.filemagz.com","https://www.filemagz.com/os-linux-terbaik/","OS Linux Terbaik untuk Kamu Coba, Apa Saja Ya? - Filemagz","The Best Linux OS for You to Try, What Are They? - Filemagz"
"23","214","commons.wikimedia.org","https://commons.wikimedia.org/wiki/File:Linux_Mint_20.3_(Una)_Cinnamon.png","File:Linux Mint 20.3 (Una) Cinnamon.png - Wikimedia Commons","MYMEMORY WARNING: YOU USED ALL AVAILABLE FREE TRANSLATIONS FOR TODAY. NEXT AVAILABLE IN  00 HOURS 14 MINUTES 40 SECONDS VISIT HTTPS://MYMEMORY.TRANSLATED.NET/DOC/USAGELIMITS.PHP TO TRANSLATE MORE"
"23","215","www.linuxadictos.com","https://www.linuxadictos.com/en/linux-mint-20-3-can-now-be-downloaded-with-linux-5-4-and-based-on-ubuntu-20-04-5.html","Linux Mint 20.3 now available, with Linux 5.4 and based on Ubuntu ...","MYMEMORY WARNING: YOU USED ALL AVAILABLE FREE TRANSLATIONS FOR TODAY. NEXT AVAILABLE IN  00 HOURS 14 MINUTES 39 SECONDS VISIT HTTPS://MYMEMORY.TRANSLATED.NET/DOC/USAGELIMITS.PHP TO TRANSLATE MORE"
"23","216","www.plex.tv","https://www.plex.tv/media-server-downloads/","Media Server Downloads - Plex","MYMEMORY WARNING: YOU USED ALL AVAILABLE FREE TRANSLATIONS FOR TODAY. NEXT AVAILABLE IN  00 HOURS 14 MINUTES 38 SECONDS VISIT HTTPS://MYMEMORY.TRANSLATED.NET/DOC/USAGELIMITS.PHP TO TRANSLATE MORE"
"23","217","www.filemagz.com","https://www.filemagz.com/os-linux-terbaik/","OS Linux Terbaik untuk Kamu Coba, Apa Saja Ya? - Filemagz","MYMEMORY WARNING: YOU USED ALL AVAILABLE FREE TRANSLATIONS FOR TODAY. NEXT AVAILABLE IN  00 HOURS 14 MINUTES 36 SECONDS VISIT HTTPS://MYMEMORY.TRANSLATED.NET/DOC/USAGELIMITS.PHP TO TRANSLATE MORE"
